wo_id,location_id,created_ts_raw,scheduled_ts_raw,completed_ts_raw,crew_id_raw,wo_type_raw,weather_related_raw,priority_raw,_ingest_ts
WO000001,LOC014,24-06-2020 09:18,26-06-2020 19:18,2020-07-01 04:18,team_4,repair,,L,2021-03-16 06:57:06
WO000002,LOC007,03/14/2020 17:32,2020/03/16 06:32:00,03/18/2020 14:32,Crew01,Planned,No,LOW,2021-03-31 05:30:06
WO000003,LOC007,2020-09-24 22:49:39,27-09-2020 16:49,2020/10/02 11:49:39,crew-1,INSPECTION,1,P2,2021-02-10 03:39:46
WO000004,LOC042,2020/06/24 02:33:38,2020-06-24 05:33:38,2020-06-25 03:33,CREW-02,EMERG,1,3,2021-03-13 04:37:30
WO000005,LOC016,2020-02-05 09:57:50,05-02-2020 23:57,02/09/2020 17:57,team_4,INSPECTION,,L,2021-02-06 22:52:43
WO000006,LOC006,2020-10-25 08:42,2020-10-26 05:42,2020-10-31 01:42,Crew01,repair,,M,2021-01-31 01:13:47
WO000007,LOC058,2020-04-22 03:37:46,23-04-2020 02:37,2020-04-23 17:37,CREW-02,repair,,2,2021-03-25 01:15:08
WO000008,LOC064,2020-07-30 01:47,30-07-2020 01:47,2020-08-02 06:47,T05,maint,,2,2021-01-08 17:01:36
WO000009,LOC077,21-08-2020 01:21,21-08-2020 01:21,08/22/2020 08:21,crw01,repair,1,P1,2021-01-06 08:18:29
WO000010,LOC045,15-01-2020 06:15,16-01-2020 00:15,,CREW-02,EMERG,Yes,H,2021-01-11 13:43:35
WO000011,LOC054,10-03-2020 05:23,11-03-2020 01:23,14-03-2020 15:23,Crew01,maint,0,H,2021-01-10 00:59:59
WO000012,LOC039,2020/05/05 08:55:03,07-05-2020 07:55,2020-05-12 01:55:03,crew-1,emergency,,P1,2021-01-12 20:20:05
WO000013,LOC036,07-05-2020 20:26,2020-05-10 15:26:45,2020-05-12 19:26,crew-1,Repair,,3,2021-03-08 20:40:50
WO000014,LOC078,12/28/2020 16:30,30-12-2020 04:30,01/01/2021 10:30,C-03,INSPECTION,,L,2021-03-12 19:07:24
WO000015,LOC064,2020-07-10 06:28,2020-07-11 05:28:27,07/15/2020 22:28,crew-1,repair,,P3,2021-03-19 08:31:17
WO000016,LOC016,2020/10/13 09:42:12,2020-10-14 11:42:12,2020/10/18 17:42:12,C-03,EMERG,N,H,2021-03-04 04:44:55
WO000017,LOC026,09/24/2020 23:25,26-09-2020 11:25,09/27/2020 19:25,C-03,repair,Yes,P3,2021-02-02 08:36:19
WO000018,LOC044,2020-06-02 19:26,06/05/2020 19:26,2020-06-09 01:26,C-03,maint,,,2021-01-04 10:51:24
WO000019,LOC018,07/05/2020 23:51,2020/07/06 18:51:48,10-07-2020 02:51,team_4,repair,No,LOW,2021-03-12 09:17:20
WO000020,LOC041,08/03/2020 14:37,2020-08-06 10:37:35,08/06/2020 12:37,Crew01,emergency,Y,MED,2021-02-06 10:22:27
WO000021,LOC069,23-11-2020 03:47,2020-11-24 00:47:27,2020-11-27 01:47,CREW-02,EMERG,Y,M,2021-02-10 04:23:09
WO000022,LOC012,2020-07-12 00:52,13-07-2020 06:52,07/15/2020 05:52,CREW-02,INSPECTION,Yes,MED,2021-03-18 05:03:07
WO000023,LOC005,29-10-2020 01:31,2020-10-30 02:31:54,,T05,INSPECTION,N,MED,2021-03-31 16:13:46
WO000024,LOC062,2020-10-11 10:50:43,14-10-2020 05:50,2020-10-15 20:50,Crew01,Vegetation,Y,2,2021-02-07 15:08:45
WO000025,LOC067,2020-02-14 23:40:10,02/14/2020 23:40,16-02-2020 14:40,T05,repair,Yes,L,2021-03-16 09:19:45
WO000026,LOC040,2020-01-09 17:31,2020-01-11 08:31,01/14/2020 17:31,CREW-02,emergency,0,,2021-02-12 19:52:26
WO000027,LOC016,15-04-2020 21:19,16-04-2020 16:19,2020-04-17 12:19:17,crew-1,Vegetation,0,L,2021-01-31 22:07:25
WO000028,LOC035,02/24/2020 23:24,26-02-2020 11:24,2020-02-29 12:24:18,C-03,maint,Y,P1,2021-01-03 19:33:28
WO000029,LOC061,2020/12/16 19:17:43,2020/12/17 01:17:43,2020-12-17 14:17:43,Crew01,maint,0,M,2021-02-02 06:23:23
WO000030,LOC026,03-10-2020 20:41,2020-10-06 16:41,2020/10/07 02:41:50,crew-1,maint,Yes,2,2021-01-31 03:15:54
WO000031,LOC060,07/01/2020 17:48,07/02/2020 22:48,04-07-2020 02:48,team_4,INSPECTION,0,,2021-03-25 13:47:23
WO000032,LOC042,2020-06-25 00:54:15,06/27/2020 14:54,,T05,maint,1,M,2021-03-16 13:26:00
WO000033,LOC045,08/22/2020 17:47,23-08-2020 09:47,2020-08-26 02:47:28,crew-1,emergency,,P2,2021-02-27 08:02:54
WO000034,LOC053,2020/04/02 15:40:58,2020-04-03 22:40:58,2020/04/06 20:40:58,C-03,Vegetation,,,2021-02-12 06:26:51
WO000035,LOC073,2020-11-01 18:25:02,03-11-2020 13:25,2020-11-06 10:25,T05,Repair,,MED,2021-02-23 21:26:53
WO000036,LOC013,2020-11-15 05:48:36,17-11-2020 13:48,2020/11/18 11:48:36,crew-1,Planned,0,2,2021-03-04 14:56:00
WO000037,LOC008,2020-02-05 03:49:43,2020-02-06 06:49,10-02-2020 14:49,Crew01,maint,No,P2,2021-03-01 18:23:13
WO000038,LOC074,06/22/2020 15:49,23-06-2020 16:49,06/24/2020 18:49,CREW-02,Planned,0,HIGH,2021-02-26 13:51:08
WO000039,LOC002,2020-08-25 11:30:24,08/28/2020 04:30,08/30/2020 07:30,CRW_01,repair,0,HIGH,2021-03-25 14:51:10
WO000040,LOC037,2020/12/02 04:43:08,12/02/2020 07:43,03-12-2020 13:43,team_4,Planned,,P2,2021-02-22 22:13:07
WO000041,LOC028,2020/09/14 06:49:53,09/15/2020 04:49,17-09-2020 16:49,team_4,INSPECTION,No,unknown,2021-03-07 01:22:01
WO000042,LOC017,2020/02/22 03:33:23,2020/02/22 04:33:23,2020-02-22 13:33,Crew01,Repair,1,P3,2021-03-20 05:58:48
WO000043,LOC054,2020/11/30 01:12:17,02-12-2020 11:12,07-12-2020 05:12,Crew01,maint,,L,2021-03-21 14:54:17
WO000044,LOC058,2020-05-29 09:48:03,31-05-2020 06:48,01-06-2020 10:48,T05,Vegetation,No,P2,2021-03-31 23:03:05
WO000045,LOC070,2020/08/11 19:59:35,08/13/2020 17:59,13-08-2020 21:59,crew-1,maint,Yes,P1,2021-03-12 21:27:19
WO000046,LOC068,29-11-2020 17:43,2020-12-01 04:43:43,03-12-2020 15:43,crw01,maint,Yes,P3,2021-03-03 12:35:57
WO000047,LOC070,11/05/2020 22:48,07-11-2020 13:48,,CRW_01,maint,,L,2021-03-29 23:15:40
WO000048,LOC061,08/10/2020 21:44,2020-08-12 15:44,08/14/2020 20:44,CRW_01,emergency,No,H,2021-03-03 02:22:31
WO000049,LOC061,08/12/2020 12:39,13-08-2020 09:39,,CRW_01,emergency,,HIGH,2021-01-13 07:30:54
WO000050,LOC065,01/30/2020 20:24,02/01/2020 07:24,02/02/2020 15:24,CRW_01,Repair,1,LOW,2021-03-13 17:55:06
WO000051,LOC020,2020-09-12 23:46,2020/09/15 08:46:33,09/17/2020 07:46,Crew01,repair,0,HIGH,2021-01-15 02:02:17
WO000052,LOC077,2020/12/28 16:58:08,2020-12-29 11:58,2021/01/02 22:58:08,T05,INSPECTION,N,LOW,2021-03-13 07:11:07
WO000053,LOC045,2020-01-22 02:21,2020/01/23 11:21:10,2020-01-27 11:21:10,team_4,maint,No,2,2021-03-14 10:39:24
WO000054,LOC069,03/31/2020 17:52,2020-04-02 17:52,2020/04/06 08:52:52,team_4,repair,No,,2021-02-13 13:49:40
WO000055,LOC049,2020-09-20 12:01:00,22-09-2020 04:01,2020-09-24 23:01:00,C-03,Planned,No,MED,2021-01-27 05:54:19
WO000056,LOC035,2020/11/07 14:07:49,2020-11-08 02:07,2020/11/09 10:07:49,crw01,EMERG,1,MED,2021-02-23 04:01:47
WO000057,LOC002,2020/09/18 06:58:04,2020-09-18 07:58:04,,crew-1,maint,0,1,2021-03-12 09:57:23
WO000058,LOC037,2020-04-07 19:50:30,2020-04-08 19:50:30,,crw01,Repair,Yes,HIGH,2021-03-25 03:39:06
WO000059,LOC078,2020-02-20 10:49,2020-02-22 10:49:24,25-02-2020 22:49,Crew01,emergency,No,2,2021-03-06 03:01:29
WO000060,LOC010,09/05/2020 01:51,09/07/2020 11:51,2020/09/12 09:51:57,Crew01,Repair,No,,2021-01-07 01:22:23
WO000061,LOC049,2020-05-30 21:55,2020/06/01 15:55:31,06/01/2020 22:55,crew-1,maint,N,LOW,2021-02-08 02:54:16
WO000062,LOC023,2020-09-07 16:20,10-09-2020 06:20,2020/09/10 19:20:21,crew-1,maint,No,HIGH,2021-01-04 09:13:54
WO000063,LOC010,2020-01-28 08:17,2020-01-29 16:17:25,2020/02/02 19:17:25,CRW_01,Planned,No,P1,2021-03-09 23:14:48
WO000064,LOC043,2020/12/17 07:38:47,2020/12/19 09:38:47,,team_4,Planned,Yes,L,2021-01-22 22:15:40
WO000065,LOC001,05/29/2020 07:05,05/31/2020 20:05,06/01/2020 11:05,team_4,repair,Yes,MED,2021-02-21 21:46:10
WO000066,LOC044,2020-02-01 05:54,03-02-2020 15:54,2020-02-07 16:54,CRW_01,Planned,N,M,2021-03-09 13:31:23
WO000067,LOC050,2020-12-14 03:37:09,2020/12/14 16:37:09,2020/12/18 00:37:09,crw01,INSPECTION,Y,1,2021-01-03 11:06:13
WO000068,LOC076,02-04-2020 14:50,04/05/2020 04:50,,T05,maint,Y,H,2021-02-02 22:35:29
WO000069,LOC008,2020/05/11 03:45:55,11-05-2020 08:45,13-05-2020 11:45,Crew01,Vegetation,Yes,H,2021-03-13 09:44:43
WO000070,LOC019,2020-07-08 20:49:44,2020-07-08 22:49,11-07-2020 10:49,Crew01,repair,1,P3,2021-01-05 20:24:38
WO000071,LOC040,2020-11-14 17:50:38,2020-11-15 05:50:38,17-11-2020 15:50,crew-1,maint,N,HIGH,2021-03-20 02:30:45
WO000072,LOC026,06/14/2020 12:34,2020-06-16 07:34:43,2020/06/20 14:34:43,Crew01,EMERG,N,,2021-01-05 10:13:27
WO000073,LOC076,2020/03/08 08:38:57,2020-03-10 02:38,2020-03-10 10:38,C-03,INSPECTION,,1,2021-03-31 20:58:49
WO000074,LOC075,2020/01/16 19:20:28,2020-01-17 12:20,18-01-2020 00:20,CRW_01,maint,Yes,H,2021-01-01 16:49:59
WO000075,LOC023,2020/12/25 16:13:19,2020/12/26 03:13:19,12/29/2020 21:13,Crew01,Vegetation,1,P3,2021-01-27 07:21:31
WO000076,LOC067,2020-06-23 22:12:38,26-06-2020 02:12,27-06-2020 08:12,Crew01,maint,Yes,P3,2021-03-22 05:50:46
WO000077,LOC039,2020-05-15 02:13:48,17-05-2020 07:13,2020-05-17 07:13,crew-1,EMERG,N,2,2021-03-16 19:00:07
WO000078,LOC027,2020/04/17 08:28:57,2020/04/17 14:28:57,2020-04-18 14:28,Crew01,INSPECTION,Y,H,2021-03-04 14:38:04
WO000079,LOC047,2020/04/20 16:59:38,2020-04-21 18:59:38,24-04-2020 01:59,crew-1,repair,1,P1,2021-03-18 06:19:44
WO000080,LOC004,2020-07-07 09:05,2020/07/10 02:05:59,,C-03,Planned,N,3,2021-03-07 17:10:50
WO000081,LOC042,2020/03/30 08:20:41,2020-03-30 22:20,2020-04-01 15:20,team_4,Vegetation,Yes,2,2021-02-26 19:21:49
WO000082,LOC063,2020/01/22 02:28:46,2020-01-24 09:28,25-01-2020 03:28,team_4,EMERG,1,2,2021-03-11 21:18:18
WO000083,LOC025,2020-09-02 10:51:49,04-09-2020 07:51,2020-09-05 17:51,CRW_01,emergency,1,HIGH,2021-03-24 16:29:29
WO000084,LOC060,06/27/2020 02:15,29-06-2020 07:15,2020-06-30 04:15,Crew01,INSPECTION,N,HIGH,2021-02-09 23:19:17
WO000085,LOC067,07/08/2020 23:47,2020-07-10 02:47:57,2020/07/13 05:47:57,team_4,Vegetation,N,MED,2021-02-12 03:52:22
WO000086,LOC075,2020/03/27 08:58:47,2020-03-28 03:58:47,2020-04-01 23:58:47,CRW_01,maint,Y,P2,2021-02-21 13:36:11
WO000087,LOC051,05-07-2020 03:06,2020-07-05 15:06:50,2020-07-08 00:06:50,team_4,Vegetation,1,MED,2021-01-29 17:14:29
WO000088,LOC031,2020-09-08 12:26,2020/09/08 23:26:38,09/09/2020 01:26,CRW_01,maint,,,2021-01-14 11:01:01
WO000089,LOC052,2020-03-12 19:49:09,2020/03/14 18:49:09,2020-03-18 02:49:09,C-03,repair,No,P2,2021-03-15 02:21:22
WO000090,LOC035,28-09-2020 02:20,09/30/2020 23:20,2020-10-04 00:20:38,CRW_01,EMERG,Y,HIGH,2021-02-07 04:20:59
WO000091,LOC047,2020-06-29 17:24:11,29-06-2020 22:24,01-07-2020 20:24,crw01,INSPECTION,0,1,2021-02-22 09:26:16
WO000092,LOC015,2020-09-09 01:28,2020-09-11 14:28,15-09-2020 12:28,C-03,EMERG,No,L,2021-03-08 01:02:35
WO000093,LOC055,2020/04/17 15:10:54,17-04-2020 21:10,2020/04/18 05:10:54,crew-1,maint,No,2,2021-03-02 06:55:16
WO000094,LOC048,2020-11-06 15:38:39,2020-11-06 23:38:39,2020/11/07 23:38:39,team_4,INSPECTION,No,HIGH,2021-01-11 14:50:19
WO000095,LOC022,2020-04-17 03:58,17-04-2020 17:58,2020-04-21 10:58,CRW_01,emergency,,P3,2021-02-22 13:38:05
WO000096,LOC017,07/03/2020 01:06,2020-07-04 21:06,2020-07-07 02:06:50,crew-1,repair,N,unknown,2021-02-20 10:48:12
WO000097,LOC043,2020/06/08 21:14:42,10-06-2020 16:14,06/14/2020 03:14,T05,maint,No,LOW,2021-01-13 19:28:32
WO000098,LOC040,2020-03-07 16:42:21,2020-03-09 01:42,03/10/2020 06:42,C-03,emergency,,P1,2021-03-02 01:30:46
WO000099,LOC021,2020-10-03 10:34,2020-10-06 06:34,2020-10-07 18:34,crw01,Repair,Y,MED,2021-02-25 18:44:26
WO000100,LOC017,2020-06-20 05:22:47,06/21/2020 14:22,23-06-2020 13:22,C-03,INSPECTION,0,2,2021-02-22 09:58:49
WO000101,LOC021,2020/07/26 05:54:46,2020-07-27 19:54,2020/07/28 10:54:46,T05,EMERG,1,H,2021-03-13 16:49:04
WO000102,LOC070,07/16/2020 01:23,17-07-2020 19:23,2020/07/21 05:23:41,Crew01,maint,0,3,2021-01-11 21:42:51
WO000103,LOC062,12/15/2020 14:14,2020-12-15 19:14:03,2020-12-16 12:14:03,team_4,Vegetation,,MED,2021-01-09 23:29:47
WO000104,LOC042,2020-01-22 08:57,2020-01-23 08:57:02,01/26/2020 10:57,crew-1,maint,Yes,L,2021-02-08 07:04:25
WO000105,LOC025,07/09/2020 11:28,2020/07/11 03:28:06,2020-07-14 08:28:06,Crew01,Planned,0,P2,2021-02-06 04:45:34
WO000106,LOC002,20-04-2020 13:08,2020-04-22 09:08:01,2020/04/24 05:08:01,crw01,maint,,,2021-02-12 23:06:35
WO000107,LOC037,04-03-2020 14:38,06-03-2020 20:38,2020-03-10 17:38,crew-1,INSPECTION,N,M,2021-02-16 01:55:43
WO000108,LOC068,2020-05-10 06:18:38,2020-05-10 14:18:38,2020/05/15 13:18:38,team_4,emergency,,P1,2021-02-23 23:08:24
WO000109,LOC060,2020-10-02 19:58,2020/10/05 19:58:54,2020-10-09 19:58,CREW-02,maint,Y,unknown,2021-03-22 05:17:53
WO000110,LOC039,2020-11-20 02:53,2020-11-21 16:53:52,2020/11/24 07:53:52,CRW_01,INSPECTION,No,M,2021-03-04 04:36:06
WO000111,LOC061,2020-02-18 05:24:46,2020-02-19 17:24:46,2020-02-21 22:24,CREW-02,maint,Yes,LOW,2021-03-14 09:17:37
WO000112,LOC047,2020/08/13 15:55:31,2020-08-16 04:55:31,08/19/2020 04:55,C-03,repair,No,P1,2021-02-26 11:21:11
WO000113,LOC008,02/26/2020 18:05,2020-02-28 10:05,2020-03-01 21:05,CRW_01,emergency,0,P2,2021-03-03 18:33:47
WO000114,LOC046,19-01-2020 22:03,2020-01-21 11:03,2020-01-23 00:03:20,Crew01,Repair,1,L,2021-02-01 07:43:42
WO000115,LOC041,2020-11-17 02:32:22,18-11-2020 16:32,11/20/2020 02:32,C-03,INSPECTION,Y,P1,2021-02-20 07:25:31
WO000116,LOC037,2020-05-24 20:44:39,2020-05-27 10:44,2020-05-29 14:44,Crew01,Vegetation,N,,2021-03-29 02:17:37
WO000117,LOC072,2020-08-26 05:34:00,2020/08/29 00:34:00,02-09-2020 12:34,T05,Repair,Yes,unknown,2021-01-13 17:47:35
WO000118,LOC003,2020/07/05 05:26:01,07-07-2020 01:26,2020-07-08 16:26,C-03,INSPECTION,No,H,2021-03-14 06:43:04
WO000119,LOC016,03/27/2020 08:31,2020-03-28 00:31,2020-04-01 13:31,crw01,INSPECTION,Yes,P2,2021-03-09 01:43:22
WO000120,LOC015,2020-01-31 04:32:43,2020-01-31 06:32,2020/02/04 09:32:43,crew-1,repair,Y,2,2021-01-12 13:06:31
WO000121,LOC033,2020-01-17 19:24:46,18-01-2020 03:24,2020-01-19 17:24:46,crw01,Vegetation,1,P3,2021-02-04 03:07:58
WO000122,LOC004,05-02-2020 06:07,02/06/2020 00:07,02/10/2020 12:07,C-03,INSPECTION,N,L,2021-02-25 08:44:40
WO000123,LOC009,02/08/2020 11:43,2020-02-08 12:43,2020-02-11 07:43,CRW_01,Repair,N,L,2021-03-24 15:39:55
WO000124,LOC061,2020-05-22 07:40,05/23/2020 06:40,2020-05-25 14:40:58,team_4,Planned,N,L,2021-01-23 02:14:23
WO000125,LOC053,2020-02-13 19:47,2020/02/15 11:47:45,16-02-2020 02:47,C-03,emergency,Y,HIGH,2021-02-01 20:33:51
WO000126,LOC064,2020/02/14 22:36:46,2020-02-16 23:36,02/18/2020 11:36,team_4,emergency,,1,2021-03-25 04:25:39
WO000127,LOC009,2020-12-13 11:43:03,2020/12/15 23:43:03,2020-12-20 23:43,crew-1,Planned,,L,2021-03-05 22:31:43
WO000128,LOC011,2020-02-16 07:11:27,2020-02-17 01:11,19-02-2020 03:11,crew-1,EMERG,N,MED,2021-01-20 10:38:51
WO000129,LOC077,2020/11/23 18:55:30,11/25/2020 21:55,2020/11/26 12:55:30,CREW-02,Planned,0,2,2021-03-06 17:28:12
WO000130,LOC078,2020-06-06 01:41:15,2020-06-08 15:41:15,2020/06/11 08:41:15,CREW-02,maint,,1,2021-03-03 00:12:38
WO000131,LOC018,2020-01-12 13:02:35,2020/01/13 01:02:35,,CRW_01,INSPECTION,,LOW,2021-03-07 22:39:39
WO000132,LOC042,29-02-2020 07:36,2020/03/01 21:36:31,2020-03-05 04:36:31,T05,Vegetation,No,P3,2021-02-18 08:11:19
WO000133,LOC063,15-07-2020 01:01,2020-07-16 10:01:41,19-07-2020 07:01,CRW_01,Planned,Yes,P2,2021-02-13 16:50:42
WO000134,LOC041,2020-11-27 05:21,29-11-2020 05:21,2020-12-01 13:21:52,CREW-02,INSPECTION,,P2,2021-01-14 01:22:49
WO000135,LOC040,2020/10/04 23:01:25,07-10-2020 00:01,09-10-2020 14:01,T05,maint,1,L,2021-01-06 09:52:36
WO000136,LOC051,04/12/2020 06:58,04/14/2020 21:58,18-04-2020 00:58,C-03,repair,Y,LOW,2021-01-05 09:08:01
WO000137,LOC017,2020-11-21 00:47:30,11/22/2020 22:47,24-11-2020 18:47,team_4,Repair,,MED,2021-02-04 16:43:23
WO000138,LOC053,05/16/2020 10:04,16-05-2020 17:04,2020-05-20 05:04,crew-1,Repair,No,HIGH,2021-02-02 18:39:05
WO000139,LOC022,2020/01/08 15:43:44,11-01-2020 11:43,,team_4,emergency,Y,3,2021-02-15 14:28:48
WO000140,LOC076,09-01-2020 15:15,2020-01-11 07:15:31,01/13/2020 07:15,T05,Repair,N,MED,2021-02-18 05:28:04
WO000141,LOC065,2020/11/11 03:19:44,2020-11-12 22:19,11/13/2020 19:19,T05,Repair,N,M,2021-01-26 17:51:22
WO000142,LOC007,25-04-2020 11:13,2020-04-27 14:13:32,2020-05-01 20:13:32,C-03,emergency,Yes,LOW,2021-03-19 18:53:52
WO000143,LOC068,07/03/2020 13:49,05-07-2020 19:49,2020-07-06 21:49:20,CREW-02,Planned,0,1,2021-02-10 05:25:19
WO000144,LOC052,2020-04-07 13:57,2020-04-10 06:57:27,12-04-2020 16:57,Crew01,maint,N,P3,2021-03-21 23:50:41
WO000145,LOC060,14-04-2020 01:20,2020-04-16 21:20:38,2020/04/21 04:20:38,crw01,EMERG,,P1,2021-01-24 08:06:42
WO000146,LOC020,2020-10-16 21:15:52,2020-10-18 11:15,10/22/2020 23:15,team_4,emergency,No,P3,2021-01-16 14:11:18
WO000147,LOC033,2020-09-23 17:57,2020-09-24 23:57:06,2020-09-27 02:57,crw01,emergency,,2,2021-02-24 08:29:12
WO000148,LOC056,2020-06-12 21:30:12,06/13/2020 01:30,2020-06-14 02:30,CREW-02,INSPECTION,Y,3,2021-02-17 04:05:37
WO000149,LOC003,2020/01/22 11:41:15,01/22/2020 21:41,2020-01-24 13:41:15,crew-1,Planned,1,1,2021-01-11 20:49:16
WO000150,LOC074,12-10-2020 05:51,10/14/2020 21:51,19-10-2020 20:51,T05,Repair,N,LOW,2021-01-12 20:55:32
WO000151,LOC041,2020/05/07 21:10:01,2020-05-09 22:10,2020-05-14 05:10,Crew01,Repair,1,1,2021-01-27 15:44:29
WO000152,LOC057,07-06-2020 14:20,06/08/2020 22:20,2020/06/13 12:20:09,crew-1,EMERG,,2,2021-03-08 06:53:45
WO000153,LOC032,04/17/2020 20:39,2020-04-18 14:39:58,04/20/2020 12:39,CRW_01,repair,N,M,2021-02-23 15:56:57
WO000154,LOC050,30-04-2020 02:35,2020-05-02 00:35,2020-05-06 19:35:28,T05,Planned,Y,P2,2021-03-31 02:55:27
WO000155,LOC033,04/26/2020 20:28,2020-04-27 07:28,2020-05-02 06:28,Crew01,maint,0,,2021-03-16 10:38:08
WO000156,LOC053,2020/11/02 12:58:17,2020/11/02 16:58:17,2020/11/04 03:58:17,C-03,Planned,Yes,unknown,2021-01-16 13:37:37
WO000157,LOC034,07/15/2020 15:22,2020/07/15 23:22:47,17-07-2020 20:22,CRW_01,repair,1,P3,2021-02-13 01:12:30
WO000158,LOC018,02-01-2020 04:40,2020-01-04 07:40:06,01/05/2020 08:40,crew-1,INSPECTION,N,L,2021-03-11 06:43:28
WO000159,LOC017,2020/11/24 22:14:36,2020-11-27 02:14,2020/12/01 07:14:36,CREW-02,INSPECTION,0,,2021-01-28 08:38:07
WO000160,LOC026,02-02-2020 18:39,2020-02-04 23:39,2020/02/06 22:39:18,CRW_01,repair,N,HIGH,2021-02-14 21:31:41
WO000161,LOC026,11-04-2020 15:59,04/12/2020 12:59,2020/04/12 18:59:45,Crew01,Repair,0,P1,2021-02-25 01:46:18
WO000162,LOC016,2020/01/06 11:33:37,2020-01-09 06:33:37,2020/01/11 13:33:37,crw01,Vegetation,N,unknown,2021-03-20 23:23:17
WO000163,LOC035,21-04-2020 20:00,2020-04-24 11:00,2020-04-26 11:00,CREW-02,Vegetation,,P1,2021-02-09 15:55:48
WO000164,LOC019,2020-01-12 04:11,01/13/2020 17:11,2020/01/15 02:11:05,T05,Repair,Y,2,2021-01-13 22:23:23
WO000165,LOC042,2020/09/26 03:26:51,28-09-2020 05:26,2020/10/01 20:26:51,CREW-02,Repair,Yes,L,2021-01-06 16:54:10
WO000166,LOC007,09-05-2020 06:30,2020-05-10 12:30:13,13-05-2020 00:30,CRW_01,emergency,,M,2021-02-08 07:42:36
WO000167,LOC048,2020-02-21 08:32,24-02-2020 07:32,02/24/2020 12:32,T05,EMERG,,P1,2021-01-09 16:53:41
WO000168,LOC041,10/02/2020 20:03,2020-10-05 15:03:42,2020-10-07 22:03:42,Crew01,maint,No,3,2021-02-05 00:14:26
WO000169,LOC056,19-04-2020 21:03,04/21/2020 06:03,04/24/2020 12:03,team_4,INSPECTION,0,3,2021-02-17 16:45:11
WO000170,LOC020,2020-08-03 19:15,2020-08-06 03:15,2020-08-06 09:15:49,CRW_01,maint,No,P1,2021-03-10 13:00:45
WO000171,LOC060,2020/06/18 11:49:16,06/19/2020 01:49,2020-06-23 19:49:16,T05,maint,,HIGH,2021-03-24 02:56:46
WO000172,LOC019,2020-02-18 00:32,2020-02-19 20:32,02/20/2020 07:32,CREW-02,Vegetation,Y,L,2021-03-16 10:53:04
WO000173,LOC074,2020/03/11 03:01:25,2020-03-13 08:01:25,,C-03,repair,No,P3,2021-03-08 02:00:17
WO000174,LOC016,06/02/2020 01:55,2020-06-04 00:55,2020-06-07 03:55:43,CRW_01,Repair,,unknown,2021-03-10 17:04:33
WO000175,LOC062,2020-06-25 08:06:14,26-06-2020 18:06,06/29/2020 22:06,T05,EMERG,1,1,2021-03-25 19:35:07
WO000176,LOC007,07-11-2020 07:03,08-11-2020 19:03,2020-11-10 12:03:42,team_4,Repair,,M,2021-01-18 06:47:42
WO000177,LOC031,2020-10-26 09:05,2020-10-28 12:05,,team_4,Planned,No,P3,2021-03-15 01:35:18
WO000178,LOC020,16-02-2020 20:05,2020-02-18 10:05,02/21/2020 00:05,C-03,Repair,0,L,2021-01-20 09:44:01
WO000179,LOC063,2020/06/21 23:49:27,2020-06-24 00:49:27,26-06-2020 12:49,team_4,EMERG,1,P2,2021-03-03 05:36:19
WO000180,LOC055,2020-02-06 02:19,2020-02-06 07:19,2020/02/09 00:19:59,T05,Repair,No,2,2021-02-12 11:06:44
WO000181,LOC011,12/18/2020 07:47,2020-12-20 20:47,2020-12-22 10:47,team_4,emergency,Y,L,2021-01-08 10:20:01
WO000182,LOC006,2020/07/18 09:22:12,18-07-2020 22:22,2020-07-21 15:22:12,CREW-02,EMERG,No,LOW,2021-01-08 22:32:12
WO000183,LOC065,2020-01-07 07:38,2020/01/07 21:38:06,2020-01-11 19:38,CRW_01,Repair,,3,2021-01-29 21:34:08
WO000184,LOC041,08/16/2020 01:10,08/18/2020 11:10,22-08-2020 11:10,Crew01,Vegetation,1,HIGH,2021-03-14 12:42:16
WO000185,LOC078,2020/04/10 17:00:57,2020-04-11 06:00:57,2020-04-13 13:00:57,CRW_01,INSPECTION,,2,2021-03-09 04:01:31
WO000186,LOC052,12/03/2020 09:37,2020/12/05 23:37:16,07-12-2020 13:37,CREW-02,Repair,1,P1,2021-01-02 08:19:59
WO000187,LOC025,2020-02-13 11:06,2020/02/13 13:06:00,2020-02-17 06:06:00,Crew01,Vegetation,,unknown,2021-03-02 18:49:24
WO000188,LOC069,2020/03/15 03:27:06,2020/03/15 14:27:06,2020-03-17 04:27,CRW_01,Repair,1,P1,2021-03-13 17:29:05
WO000189,LOC057,2020-07-07 08:57,2020-07-09 20:57,09-07-2020 22:57,CREW-02,Planned,Y,MED,2021-01-01 18:20:54
WO000190,LOC014,01-09-2020 19:50,04-09-2020 02:50,06-09-2020 07:50,CREW-02,repair,,P2,2021-02-17 04:41:50
WO000191,LOC066,2020-08-17 12:53:07,2020/08/20 02:53:07,21-08-2020 07:53,C-03,Repair,No,P3,2021-02-10 12:00:02
WO000192,LOC061,2020/02/15 09:58:00,2020/02/18 00:58:00,02/21/2020 07:58,CRW_01,INSPECTION,No,3,2021-01-19 15:51:41
WO000193,LOC061,05/13/2020 12:53,15-05-2020 20:53,17-05-2020 01:53,T05,INSPECTION,No,3,2021-03-11 01:38:51
WO000194,LOC050,10-06-2020 21:25,2020-06-12 19:25,2020-06-17 00:25,CREW-02,Repair,,P1,2021-01-17 19:47:51
WO000195,LOC026,03/01/2020 16:57,2020-03-04 06:57,2020/03/04 18:57:10,crw01,repair,Y,MED,2021-03-27 12:39:36
WO000196,LOC034,2020-05-18 15:53:24,2020-05-19 11:53:24,20-05-2020 09:53,C-03,Planned,Yes,LOW,2021-01-23 00:13:35
WO000197,LOC016,08/06/2020 06:02,2020-08-07 10:02:48,08/10/2020 00:02,CREW-02,INSPECTION,Yes,3,2021-01-05 21:29:30
WO000198,LOC057,06-11-2020 07:05,08-11-2020 17:05,2020-11-13 04:05:51,crew-1,repair,Yes,P1,2021-03-03 03:50:03
WO000199,LOC016,2020/12/04 05:05:30,05-12-2020 07:05,12/10/2020 03:05,T05,Repair,1,P3,2021-02-05 07:34:06
WO000200,LOC043,2020/11/14 03:07:54,2020-11-14 20:07:54,2020/11/15 11:07:54,crw01,maint,0,M,2021-02-19 00:47:17
WO000201,LOC022,02/03/2020 02:26,2020-02-04 12:26,2020/02/06 11:26:13,Crew01,Planned,N,P1,2021-03-19 20:15:23
WO000202,LOC055,06/09/2020 13:15,2020-06-11 17:15:18,16-06-2020 11:15,T05,INSPECTION,Y,3,2021-03-20 06:41:28
WO000203,LOC067,2020/01/28 00:32:37,2020-01-28 10:32:37,2020-01-30 05:32,team_4,repair,1,LOW,2021-01-06 14:42:23
WO000204,LOC067,04/24/2020 20:21,04/27/2020 01:21,29-04-2020 04:21,C-03,repair,No,L,2021-03-01 06:20:15
WO000205,LOC019,28-09-2020 23:13,01-10-2020 02:13,03-10-2020 11:13,T05,EMERG,,,2021-01-20 03:43:56
WO000206,LOC039,02-02-2020 17:33,02-02-2020 21:33,2020-02-05 17:33,CREW-02,Vegetation,Yes,L,2021-02-23 13:45:15
WO000207,LOC040,2020-07-21 11:12:08,23-07-2020 06:12,2020-07-27 06:12:08,CREW-02,Vegetation,No,3,2021-02-11 01:04:09
WO000208,LOC065,02/12/2020 21:23,2020-02-13 04:23:35,17-02-2020 15:23,CRW_01,Repair,,M,2021-02-25 13:52:15
WO000209,LOC001,24-06-2020 23:38,26-06-2020 18:38,28-06-2020 00:38,crw01,EMERG,No,M,2021-03-06 18:02:30
WO000210,LOC074,2020-09-18 03:32:14,09/18/2020 20:32,2020-09-22 15:32,crw01,EMERG,,HIGH,2021-01-15 05:29:37
WO000211,LOC055,2020/11/17 17:35:54,2020-11-19 21:35,,T05,Vegetation,,HIGH,2021-02-05 20:31:04
WO000212,LOC068,05-06-2020 09:56,2020/06/08 08:56:11,06/11/2020 02:56,team_4,maint,,3,2021-02-10 11:29:58
WO000213,LOC021,2020-02-26 01:24,28-02-2020 17:24,2020/02/29 09:24:14,crew-1,Vegetation,,2,2021-01-04 03:58:50
WO000214,LOC021,2020/08/05 02:30:23,2020-08-07 01:30:23,11-08-2020 22:30,crew-1,EMERG,No,H,2021-02-20 18:09:35
WO000215,LOC020,02/15/2020 17:26,2020/02/17 16:26:13,02/19/2020 07:26,CRW_01,INSPECTION,1,,2021-02-27 05:55:26
WO000216,LOC054,2020/01/19 21:27:38,2020-01-21 12:27:38,2020-01-26 05:27,crew-1,EMERG,Yes,unknown,2021-01-05 08:07:03
WO000217,LOC054,2020/07/05 20:53:21,2020/07/07 11:53:21,07/10/2020 11:53,Crew01,INSPECTION,,,2021-02-13 16:24:41
WO000218,LOC058,2020/02/27 20:37:06,2020/02/29 13:37:06,01-03-2020 00:37,crw01,Planned,0,L,2021-01-05 10:46:03
WO000219,LOC057,2020-10-12 19:12,2020-10-14 06:12:15,,CREW-02,Repair,Yes,1,2021-03-02 01:41:05
WO000220,LOC070,12-08-2020 00:41,2020-08-12 06:41:01,2020/08/15 06:41:01,crew-1,INSPECTION,Y,M,2021-03-18 09:16:36
WO000221,LOC027,04/05/2020 06:14,2020/04/07 14:14:15,08-04-2020 00:14,CRW_01,maint,Y,MED,2021-02-12 10:19:27
WO000222,LOC024,06/10/2020 03:29,2020-06-10 06:29:16,2020/06/14 20:29:16,crew-1,Repair,1,M,2021-01-14 23:37:26
WO000223,LOC024,2020-04-09 05:56,2020-04-09 16:56:26,2020/04/10 11:56:26,C-03,INSPECTION,Y,3,2021-01-06 16:19:08
WO000224,LOC039,05/31/2020 10:30,2020/05/31 22:30:05,06/02/2020 14:30,crew-1,repair,N,1,2021-03-15 00:35:55
WO000225,LOC077,2020/08/15 14:11:12,2020-08-16 20:11:12,19-08-2020 11:11,CREW-02,repair,0,2,2021-02-23 16:51:55
WO000226,LOC053,2020-01-26 10:06:53,01/28/2020 23:06,2020-01-29 02:06,crew-1,Vegetation,1,M,2021-02-25 04:06:29
WO000227,LOC053,2020-06-22 04:51,06/22/2020 14:51,2020-06-27 02:51,Crew01,Vegetation,,L,2021-02-13 20:38:06
WO000228,LOC006,2020-01-01 09:19:49,2020-01-03 20:19:49,2020-01-08 06:19,T05,emergency,No,unknown,2021-03-08 00:30:34
WO000229,LOC049,2020-05-16 11:27:08,2020-05-17 14:27,05/20/2020 16:27,crew-1,emergency,Yes,P2,2021-03-09 19:27:29
WO000230,LOC016,2020/11/18 12:48:12,2020-11-19 05:48,11/23/2020 01:48,C-03,EMERG,No,,2021-03-10 17:11:11
WO000231,LOC058,2020-04-16 00:40,2020/04/17 07:40:00,04/20/2020 19:40,C-03,repair,1,P3,2021-03-31 13:00:59
WO000232,LOC001,2020/08/24 10:18:13,26-08-2020 22:18,2020-08-26 22:18,T05,Planned,Yes,,2021-03-27 02:54:22
WO000233,LOC010,2020-07-28 04:34:32,07/28/2020 07:34,2020/08/02 01:34:32,team_4,EMERG,,P1,2021-03-23 11:21:05
WO000234,LOC002,2020-02-18 10:53:00,2020-02-20 21:53,2020/02/22 20:53:00,CRW_01,emergency,0,1,2021-01-09 17:38:13
WO000235,LOC079,2020/08/30 19:37:37,09/01/2020 09:37,2020-09-05 16:37,CRW_01,emergency,,3,2021-03-10 15:21:17
WO000236,LOC078,2020-03-22 04:49:32,03/22/2020 04:49,2020/03/23 05:49:32,T05,INSPECTION,N,P3,2021-03-13 17:33:47
WO000237,LOC073,2020-09-18 01:07,2020-09-21 01:07:48,,Crew01,emergency,N,L,2021-03-12 18:27:26
WO000238,LOC036,03/15/2020 12:11,15-03-2020 14:11,19-03-2020 06:11,T05,repair,,P3,2021-03-07 08:26:10
WO000239,LOC007,11/27/2020 14:33,2020-11-29 07:33:00,2020/12/01 14:33:00,T05,maint,0,L,2021-03-15 16:38:55
WO000240,LOC006,09-12-2020 05:38,2020/12/10 09:38:08,2020/12/10 15:38:08,C-03,repair,,1,2021-02-02 11:55:15
WO000241,LOC011,2020-12-07 19:06:43,2020-12-07 22:06,2020/12/11 20:06:43,crw01,INSPECTION,0,M,2021-01-07 02:26:14
WO000242,LOC013,01/11/2020 19:47,01/14/2020 08:47,16-01-2020 15:47,crw01,Repair,,1,2021-02-03 02:07:34
WO000243,LOC007,15-11-2020 02:10,16-11-2020 20:10,2020-11-19 14:10:55,T05,Repair,,LOW,2021-01-13 02:51:59
WO000244,LOC011,2020-01-24 13:38,2020-01-24 17:38:35,2020-01-26 17:38:35,T05,repair,No,LOW,2021-03-02 19:07:02
WO000245,LOC056,2020-01-26 13:12:34,01/27/2020 02:12,,team_4,Planned,Yes,LOW,2021-03-15 00:12:05
WO000246,LOC053,31-03-2020 12:45,31-03-2020 13:45,2020/04/02 23:45:40,crew-1,EMERG,Y,2,2021-02-20 05:11:36
WO000247,LOC043,2020-08-16 06:49:03,17-08-2020 06:49,17-08-2020 19:49,crw01,INSPECTION,No,MED,2021-02-10 21:01:02
WO000248,LOC062,2020-10-08 09:58:34,2020-10-10 17:58,2020-10-11 16:58:34,CREW-02,Planned,0,M,2021-02-26 16:02:24
WO000249,LOC070,10/28/2020 04:08,10/28/2020 22:08,29-10-2020 16:08,C-03,repair,1,H,2021-01-24 01:09:09
WO000250,LOC065,11/14/2020 03:20,2020-11-17 02:20,,crw01,Vegetation,Yes,MED,2021-01-19 09:13:49
WO000251,LOC061,26-09-2020 19:50,09/29/2020 06:50,02-10-2020 10:50,CREW-02,Planned,0,P1,2021-01-11 04:18:47
WO000252,LOC059,2020-12-06 05:53,2020-12-06 10:53,2020-12-09 01:53:41,T05,Vegetation,N,2,2021-03-13 07:42:35
WO000253,LOC043,11/09/2020 12:18,2020-11-11 12:18:50,2020-11-12 14:18:50,crew-1,EMERG,Y,L,2021-01-12 04:24:37
WO000254,LOC019,2020-04-22 20:21:59,2020-04-25 04:21:59,04/26/2020 04:21,crw01,Vegetation,No,P1,2021-01-22 06:10:44
WO000255,LOC034,2020-10-06 04:02,2020-10-07 02:02,2020-10-08 21:02,CRW_01,INSPECTION,No,HIGH,2021-01-03 00:55:08
WO000256,LOC018,2020/05/27 03:48:57,2020-05-27 17:48,05/29/2020 12:48,C-03,EMERG,1,L,2021-03-19 13:51:29
WO000257,LOC080,2020-12-08 09:42,2020-12-10 16:42,2020-12-15 08:42:07,crw01,Vegetation,,3,2021-02-06 08:04:41
WO000258,LOC041,20-08-2020 20:12,23-08-2020 02:12,2020-08-26 11:12:11,crw01,emergency,1,MED,2021-01-24 23:57:06
WO000259,LOC007,01-09-2020 10:59,2020/09/02 21:59:03,07-09-2020 12:59,crw01,Repair,,,2021-03-06 10:04:19
WO000260,LOC079,01/26/2020 04:39,2020/01/27 01:39:38,29-01-2020 18:39,T05,INSPECTION,0,3,2021-02-06 07:12:02
WO000261,LOC068,09/26/2020 17:17,29-09-2020 06:17,2020/10/03 01:17:57,team_4,repair,N,1,2021-03-28 21:13:56
WO000262,LOC026,2020/06/24 13:41:29,25-06-2020 19:41,2020/06/27 21:41:29,Crew01,EMERG,No,L,2021-01-09 05:30:09
WO000263,LOC018,2020-10-18 21:37,19-10-2020 07:37,10/20/2020 20:37,CRW_01,maint,0,P2,2021-02-13 19:15:30
WO000264,LOC060,06/16/2020 23:14,2020/06/19 03:14:41,06/21/2020 02:14,CRW_01,INSPECTION,,1,2021-01-26 18:57:02
WO000265,LOC010,19-05-2020 10:59,2020-05-19 20:59:19,21-05-2020 09:59,CREW-02,Vegetation,Yes,HIGH,2021-01-07 22:15:16
WO000266,LOC047,01/15/2020 20:48,01/18/2020 17:48,01/19/2020 18:48,CREW-02,Vegetation,1,unknown,2021-03-15 01:10:49
WO000267,LOC070,12/20/2020 08:01,2020/12/21 17:01:17,12/21/2020 18:01,team_4,repair,,P3,2021-02-19 18:33:14
WO000268,LOC020,2020/12/02 02:43:44,2020-12-04 04:43,2020-12-05 09:43,T05,maint,0,,2021-01-09 08:06:18
WO000269,LOC041,2020-11-24 11:26,2020/11/25 11:26:34,2020/11/27 17:26:34,T05,repair,0,P1,2021-02-26 01:41:31
WO000270,LOC017,04/28/2020 16:08,2020-04-28 17:08,05/01/2020 08:08,team_4,Planned,,,2021-03-17 14:22:14
WO000271,LOC069,2020-04-26 08:49:16,2020-04-28 01:49,,Crew01,EMERG,,P2,2021-01-20 19:49:52
WO000272,LOC051,01/25/2020 17:48,28-01-2020 13:48,2020-01-30 14:48:47,T05,emergency,Yes,P1,2021-01-11 03:04:02
WO000273,LOC071,2020-03-09 23:41:18,2020-03-10 03:41,2020/03/14 12:41:18,crw01,Repair,,M,2021-01-20 23:45:49
WO000274,LOC030,23-04-2020 01:18,2020-04-25 20:18:00,04/26/2020 04:18,Crew01,EMERG,,P2,2021-01-16 05:55:08
WO000275,LOC015,2020/02/20 03:39:01,2020-02-22 23:39,2020-02-25 04:39:01,Crew01,Vegetation,No,P2,2021-03-21 09:50:09
WO000276,LOC061,03/02/2020 15:56,2020-03-04 06:56,2020/03/07 09:56:54,CRW_01,INSPECTION,,HIGH,2021-03-22 01:25:00
WO000277,LOC052,2020/08/22 21:35:51,2020/08/24 04:35:51,26-08-2020 23:35,T05,repair,Yes,M,2021-03-04 17:59:10
WO000278,LOC059,2020/05/14 16:14:27,2020-05-16 06:14,2020-05-18 08:14,Crew01,Planned,,P2,2021-03-30 10:23:41
WO000279,LOC024,2020-09-28 06:41,2020-10-01 06:41,2020-10-01 18:41:50,CREW-02,emergency,Yes,3,2021-03-12 12:57:20
WO000280,LOC028,2020-12-18 22:02:16,12/21/2020 13:02,23-12-2020 17:02,crew-1,Repair,0,P2,2021-02-13 18:45:25
WO000281,LOC022,2020-04-08 03:57:20,2020-04-09 05:57:20,,T05,Planned,0,3,2021-02-08 18:32:02
WO000282,LOC025,06/03/2020 01:16,2020/06/03 05:16:21,2020-06-03 06:16,T05,maint,Yes,HIGH,2021-02-23 05:55:52
WO000283,LOC032,2020-10-04 03:03,2020-10-06 11:03,10/07/2020 04:03,CRW_01,Repair,1,M,2021-01-13 01:17:37
WO000284,LOC069,2020-10-14 22:46:55,10/17/2020 00:46,,Crew01,maint,0,P1,2021-01-22 00:53:00
WO000285,LOC005,12-12-2020 16:27,2020-12-15 12:27:08,2020-12-16 15:27:08,team_4,emergency,,H,2021-02-28 01:55:10
WO000286,LOC001,01/19/2020 21:35,2020-01-21 21:35,2020-01-25 23:35,crw01,Repair,Y,P2,2021-01-03 17:06:52
WO000287,LOC002,2020-05-10 22:09:17,2020-05-11 22:09,2020-05-15 13:09,Crew01,repair,,L,2021-01-11 10:55:17
WO000288,LOC042,05-05-2020 07:35,2020/05/08 06:35:29,2020-05-11 14:35,team_4,Repair,N,1,2021-01-11 06:43:50
WO000289,LOC046,2020-05-05 14:00:23,2020/05/06 12:00:23,05/06/2020 13:00,crw01,maint,N,HIGH,2021-03-05 21:09:42
WO000290,LOC036,2020-09-09 09:55,2020/09/11 08:55:35,,CREW-02,maint,Yes,3,2021-02-22 01:23:36
WO000291,LOC073,2020-03-07 14:06,03/08/2020 22:06,2020/03/09 10:06:53,Crew01,EMERG,,HIGH,2021-02-02 12:51:06
WO000292,LOC003,24-08-2020 07:56,26-08-2020 16:56,2020-08-28 16:56,CRW_01,Vegetation,Y,LOW,2021-03-15 16:27:38
WO000293,LOC016,29-04-2020 22:40,2020-05-01 04:40:40,2020-05-05 02:40,CRW_01,INSPECTION,0,2,2021-01-29 19:09:44
WO000294,LOC026,28-02-2020 21:40,2020/03/01 21:40:20,2020-03-02 23:40,C-03,INSPECTION,No,MED,2021-03-04 11:42:05
WO000295,LOC006,2020-07-21 06:53,07/23/2020 11:53,2020-07-26 21:53:12,C-03,Vegetation,N,L,2021-01-06 06:00:05
WO000296,LOC032,11/07/2020 06:04,2020-11-08 10:04,11-11-2020 15:04,T05,repair,Yes,unknown,2021-02-17 17:36:34
WO000297,LOC009,2020-03-15 17:54,2020-03-15 23:54:28,2020-03-19 08:54,Crew01,Vegetation,N,L,2021-01-08 14:08:11
WO000298,LOC055,2020-10-08 13:23,2020/10/11 00:23:17,2020-10-12 15:23,Crew01,Vegetation,No,M,2021-02-25 23:09:36
WO000299,LOC058,2020-09-03 20:15:23,09/04/2020 21:15,2020/09/06 07:15:23,team_4,Planned,1,2,2021-02-12 20:28:50
WO000300,LOC055,2020-07-15 05:40:04,2020/07/17 12:40:04,2020/07/21 13:40:04,team_4,Repair,No,LOW,2021-02-22 03:45:40
WO000301,LOC020,2020/08/02 16:57:19,08/03/2020 14:57,08/04/2020 22:57,team_4,maint,Yes,MED,2021-01-14 06:25:56
WO000302,LOC061,17-03-2020 00:12,03/17/2020 19:12,2020-03-22 16:12:10,T05,Planned,,P2,2021-03-14 01:26:14
WO000303,LOC048,2020-05-29 03:29:17,2020/05/31 17:29:17,02-06-2020 08:29,CRW_01,Repair,,LOW,2021-01-16 18:19:54
WO000304,LOC025,23-10-2020 07:13,2020/10/25 14:13:02,10/26/2020 22:13,C-03,repair,,P2,2021-03-13 10:13:18
WO000305,LOC032,2020-04-04 02:53:32,2020-04-06 15:53,04/06/2020 19:53,CREW-02,maint,1,M,2021-01-25 00:31:05
WO000306,LOC078,2020/08/12 14:32:10,2020/08/13 10:32:10,2020-08-13 11:32:10,crew-1,Vegetation,,P1,2021-03-22 13:27:23
WO000307,LOC055,08-04-2020 04:55,04/09/2020 18:55,2020/04/12 10:55:50,team_4,Repair,Yes,P3,2021-02-25 14:16:55
WO000308,LOC045,11/12/2020 05:09,2020-11-12 23:09:18,2020/11/14 09:09:18,Crew01,maint,Y,HIGH,2021-01-07 18:44:32
WO000309,LOC054,2020-07-22 21:00,2020-07-25 02:00,2020/07/28 13:00:01,C-03,INSPECTION,1,1,2021-02-17 05:33:36
WO000310,LOC024,2020-07-14 04:41,2020-07-14 18:41,2020-07-17 03:41,CRW_01,INSPECTION,N,M,2021-03-29 14:26:56
WO000311,LOC053,06/20/2020 03:54,2020-06-20 16:54:19,2020-06-25 07:54:19,team_4,Repair,No,HIGH,2021-02-03 05:16:18
WO000312,LOC004,2020-08-15 10:37:12,2020-08-16 16:37:12,2020-08-19 05:37:12,CREW-02,repair,Y,HIGH,2021-01-21 11:49:29
WO000313,LOC067,2020/11/03 11:59:07,2020/11/03 11:59:07,11/05/2020 11:59,C-03,Planned,0,MED,2021-03-08 04:50:56
WO000314,LOC044,2020/05/02 10:05:55,03-05-2020 16:05,2020/05/08 16:05:55,CRW_01,EMERG,0,,2021-01-10 17:25:48
WO000315,LOC001,2020-06-26 10:47:46,28-06-2020 13:47,2020-07-02 09:47,crew-1,emergency,N,MED,2021-02-13 21:02:43
WO000316,LOC080,2020-09-23 11:42:24,09/25/2020 23:42,2020-09-28 16:42,CRW_01,EMERG,Y,,2021-03-13 10:34:07
WO000317,LOC042,20-09-2020 06:45,2020-09-22 14:45:36,2020/09/23 19:45:36,C-03,Planned,,P3,2021-03-25 05:11:15
WO000318,LOC013,12-10-2020 03:57,14-10-2020 04:57,2020-10-15 17:57,CRW_01,INSPECTION,,,2021-01-09 10:56:02
WO000319,LOC039,2020-11-19 06:06:09,2020/11/22 04:06:09,2020/11/26 19:06:09,crw01,Vegetation,N,P1,2021-03-15 03:12:20
WO000320,LOC012,02/10/2020 23:02,2020/02/13 06:02:55,,CREW-02,Vegetation,No,P3,2021-02-16 05:51:53
WO000321,LOC016,2020-09-15 10:41:21,09/16/2020 03:41,2020/09/21 01:41:21,crw01,Repair,0,P2,2021-03-30 08:50:35
WO000322,LOC049,2020-09-10 22:58,09/13/2020 21:58,2020-09-18 10:58,crew-1,emergency,Yes,HIGH,2021-01-09 15:42:35
WO000323,LOC044,10/14/2020 14:43,2020-10-15 14:43,19-10-2020 13:43,C-03,Planned,Y,M,2021-01-07 00:12:08
WO000324,LOC076,07/27/2020 00:10,07/28/2020 00:10,2020/08/01 12:10:55,Crew01,Vegetation,Yes,P2,2021-01-01 21:24:38
WO000325,LOC069,2020-11-27 00:35,2020/11/29 10:35:23,12/01/2020 02:35,T05,INSPECTION,No,P1,2021-03-14 12:46:32
WO000326,LOC005,08/20/2020 13:58,22-08-2020 05:58,2020-08-23 20:58:08,T05,Vegetation,,M,2021-03-10 08:45:58
WO000327,LOC049,2020-01-23 20:10,2020-01-25 14:10:22,2020-01-26 09:10,Crew01,maint,,M,2021-03-21 03:06:57
WO000328,LOC021,01/09/2020 09:00,2020/01/12 07:00:28,2020/01/14 09:00:28,team_4,Repair,No,M,2021-03-09 14:40:27
WO000329,LOC025,09/29/2020 06:48,02-10-2020 04:48,,CRW_01,emergency,,P3,2021-01-16 21:26:08
WO000330,LOC074,2020-02-23 10:09,2020-02-25 18:09,2020-02-29 11:09,crw01,repair,0,3,2021-03-25 02:57:13
WO000331,LOC074,2020-02-09 14:13,2020-02-10 08:13:21,2020/02/12 08:13:21,crew-1,EMERG,,P1,2021-01-06 02:16:08
WO000332,LOC016,2020/07/19 04:12:14,2020-07-20 23:12,2020-07-24 02:12,CRW_01,Repair,N,P2,2021-02-17 10:34:51
WO000333,LOC039,2020/09/24 04:28:35,2020/09/25 02:28:35,2020-09-28 13:28:35,CREW-02,maint,0,H,2021-01-12 15:37:16
WO000334,LOC015,2020-02-02 02:13,2020-02-02 17:13:57,05-02-2020 07:13,T05,emergency,Yes,,2021-02-27 13:30:29
WO000335,LOC024,29-05-2020 02:45,2020-05-31 15:45,06/04/2020 01:45,crew-1,EMERG,Yes,3,2021-03-30 05:50:42
WO000336,LOC069,12-03-2020 19:17,14-03-2020 22:17,2020/03/19 06:17:53,T05,Repair,Yes,,2021-03-15 02:35:22
WO000337,LOC027,2020-09-12 18:25:57,13-09-2020 09:25,2020-09-14 08:25,T05,EMERG,Yes,H,2021-01-13 12:09:46
WO000338,LOC074,2020-03-21 02:12:07,2020-03-21 22:12:07,2020-03-22 09:12:07,CREW-02,EMERG,1,P2,2021-03-05 21:37:20
WO000339,LOC001,04/06/2020 10:40,08-04-2020 00:40,08-04-2020 05:40,T05,INSPECTION,,3,2021-01-31 09:11:37
WO000340,LOC067,2020-12-19 17:06:51,2020-12-21 14:06:51,2020-12-24 19:06,crw01,repair,N,P1,2021-01-30 02:22:23
WO000341,LOC028,2020-02-22 02:54,25-02-2020 00:54,02/26/2020 03:54,team_4,Repair,No,M,2021-02-07 01:37:02
WO000342,LOC021,2020-06-04 08:49,06-06-2020 18:49,2020/06/07 04:49:25,crw01,Repair,No,P3,2021-03-09 15:40:06
WO000343,LOC025,04-10-2020 11:06,2020-10-06 10:06,09-10-2020 10:06,team_4,INSPECTION,0,,2021-02-12 02:25:28
WO000344,LOC049,2020-01-11 01:29:50,12-01-2020 08:29,12-01-2020 17:29,team_4,Repair,0,P3,2021-01-09 15:19:29
WO000345,LOC047,12/19/2020 02:46,2020-12-20 20:46:52,2020-12-24 23:46,crew-1,Planned,N,P2,2021-01-11 04:40:26
WO000346,LOC016,2020/03/09 05:56:06,2020-03-12 00:56:06,15-03-2020 21:56,C-03,emergency,No,LOW,2021-01-10 14:50:27
WO000347,LOC007,07-03-2020 07:28,08-03-2020 23:28,03/12/2020 23:28,team_4,maint,1,M,2021-01-01 22:07:50
WO000348,LOC066,03-10-2020 23:43,10/04/2020 18:43,2020/10/08 06:43:01,CRW_01,EMERG,N,P3,2021-03-01 02:22:50
WO000349,LOC054,2020/10/01 11:43:48,03-10-2020 21:43,10/04/2020 20:43,CREW-02,emergency,,L,2021-03-11 18:08:56
WO000350,LOC030,2020-04-28 12:33:10,2020-04-28 23:33:10,04/30/2020 14:33,crew-1,Vegetation,Yes,P1,2021-02-25 20:35:06
WO000351,LOC008,2020/02/02 20:23:25,04-02-2020 08:23,2020-02-07 06:23:25,Crew01,maint,,L,2021-03-08 12:26:58
WO000352,LOC069,2020-09-28 00:43,2020-09-28 15:43:52,,team_4,EMERG,N,3,2021-03-06 04:38:50
WO000353,LOC068,22-09-2020 16:04,2020-09-22 21:04,2020-09-26 02:04,Crew01,Repair,0,unknown,2021-01-13 22:39:19
WO000354,LOC066,05/17/2020 04:54,2020-05-17 10:54:56,2020-05-19 16:54,C-03,Vegetation,Yes,M,2021-01-30 01:08:06
WO000355,LOC062,24-04-2020 00:02,2020/04/25 09:02:17,,crw01,emergency,Y,2,2021-03-28 15:39:41
WO000356,LOC080,2020/11/25 11:12:42,11/28/2020 01:12,28-11-2020 08:12,CREW-02,EMERG,Yes,H,2021-02-03 22:54:38
WO000357,LOC024,2020-06-05 03:32,2020-06-07 00:32:46,2020/06/07 01:32:46,Crew01,Planned,Yes,2,2021-01-01 16:06:09
WO000358,LOC020,10/25/2020 19:46,10/27/2020 03:46,10/28/2020 07:46,team_4,INSPECTION,No,HIGH,2021-02-12 13:56:49
WO000359,LOC057,03/03/2020 20:24,2020-03-04 13:24,2020-03-06 10:24:18,crew-1,Vegetation,No,H,2021-01-13 23:29:51
WO000360,LOC051,2020-06-12 12:31,2020/06/14 06:31:27,,CREW-02,Repair,,2,2021-02-23 09:52:51
WO000361,LOC064,06-11-2020 14:51,2020/11/07 06:51:48,2020/11/08 23:51:48,Crew01,Repair,Yes,,2021-01-03 01:17:17
WO000362,LOC017,2020-03-01 09:45,2020-03-03 05:45:23,,C-03,Planned,Y,P2,2021-02-16 14:55:50
WO000363,LOC038,19-04-2020 14:30,2020-04-22 04:30,2020-04-22 14:30,Crew01,Vegetation,No,,2021-01-12 04:00:57
WO000364,LOC034,2020/09/29 05:22:52,2020-09-30 12:22:52,2020-10-04 01:22,Crew01,Vegetation,1,1,2021-01-12 16:41:41
WO000365,LOC017,2020/06/04 20:13:48,2020-06-05 00:13:48,2020-06-06 11:13,crw01,Repair,Y,P2,2021-02-09 13:04:16
WO000366,LOC068,2020-04-29 00:16:59,30-04-2020 05:16,2020/05/01 09:16:59,team_4,repair,No,HIGH,2021-01-27 03:23:19
WO000367,LOC047,2020-04-18 22:58:15,2020-04-20 18:58,04/24/2020 13:58,CRW_01,repair,Y,P3,2021-03-14 07:24:15
WO000368,LOC042,2020-03-23 07:46:26,2020/03/24 19:46:26,27-03-2020 07:46,Crew01,emergency,,MED,2021-02-02 10:56:01
WO000369,LOC039,13-02-2020 07:31,2020-02-13 19:31,,C-03,EMERG,0,3,2021-03-17 14:45:17
WO000370,LOC076,24-07-2020 09:21,2020/07/26 08:21:06,2020-07-27 14:21,crew-1,Repair,1,P3,2021-03-14 02:21:14
WO000371,LOC078,2020-02-16 17:47,2020/02/16 22:47:01,2020-02-20 01:47,crew-1,Repair,0,M,2021-03-12 10:11:22
WO000372,LOC061,2020-10-22 12:55,2020-10-23 13:55,2020-10-26 09:55:20,team_4,emergency,0,MED,2021-02-13 13:02:21
WO000373,LOC016,19-12-2020 17:43,2020-12-22 00:43:46,22-12-2020 08:43,Crew01,emergency,1,M,2021-01-05 09:53:42
WO000374,LOC073,24-01-2020 14:38,25-01-2020 14:38,2020/01/29 12:38:07,crew-1,INSPECTION,,,2021-02-19 10:42:16
WO000375,LOC050,2020-08-06 10:52,2020-08-08 11:52:00,2020-08-10 14:52,Crew01,Vegetation,Y,,2021-02-19 18:54:01
WO000376,LOC059,07/14/2020 15:55,07/17/2020 10:55,2020-07-18 19:55,crew-1,INSPECTION,N,H,2021-02-21 19:17:54
WO000377,LOC031,2020-04-23 08:10,04/23/2020 13:10,04/26/2020 22:10,CRW_01,Vegetation,N,L,2021-01-12 06:43:49
WO000378,LOC001,09/08/2020 21:48,2020-09-10 17:48:51,09/14/2020 01:48,CREW-02,INSPECTION,,LOW,2021-01-29 15:09:21
WO000379,LOC042,2020-01-23 05:44,01/23/2020 06:44,01/27/2020 15:44,CRW_01,Repair,,P3,2021-01-25 23:39:27
WO000380,LOC078,08/01/2020 22:33,2020-08-03 00:33,08/07/2020 08:33,team_4,INSPECTION,,1,2021-03-12 20:35:05
WO000381,LOC056,2020-05-23 03:58,2020/05/23 21:58:26,2020/05/28 16:58:26,Crew01,INSPECTION,N,LOW,2021-02-17 14:59:26
WO000382,LOC024,2020/09/08 11:44:11,09-09-2020 23:44,2020-09-10 01:44,crw01,Repair,1,HIGH,2021-02-11 09:34:20
WO000383,LOC032,2020-06-25 17:07:57,27-06-2020 20:07,2020-06-28 08:07,crew-1,Planned,,H,2021-01-11 16:24:04
WO000384,LOC002,10/23/2020 11:49,2020-10-23 16:49,2020-10-24 08:49:48,CRW_01,repair,Yes,L,2021-03-13 11:18:38
WO000385,LOC044,2020/11/27 03:55:42,2020-11-27 13:55,28-11-2020 14:55,CREW-02,EMERG,,P1,2021-01-24 16:06:56
WO000386,LOC008,2020-07-30 02:02:00,2020-07-31 12:02:00,2020-08-03 20:02:00,CREW-02,Repair,,P1,2021-01-01 02:49:13
WO000387,LOC029,01/10/2020 07:42,2020-01-11 12:42,01/13/2020 18:42,team_4,Repair,,P1,2021-01-11 16:38:04
WO000388,LOC029,02/09/2020 12:15,2020-02-11 00:15:02,,C-03,Repair,Y,LOW,2021-01-15 16:05:43
WO000389,LOC023,2020-06-15 11:06,06/18/2020 06:06,2020/06/20 00:06:22,CREW-02,EMERG,Yes,M,2021-03-30 22:58:50
WO000390,LOC064,2020-09-13 23:47:11,2020-09-15 22:47,2020-09-20 21:47:11,Crew01,EMERG,1,P2,2021-02-13 08:52:32
WO000391,LOC062,2020-11-12 09:05,2020-11-12 17:05:10,11/13/2020 07:05,C-03,INSPECTION,1,,2021-02-07 09:09:20
WO000392,LOC046,04-05-2020 00:14,05/06/2020 15:14,2020/05/08 21:14:19,Crew01,Vegetation,,P2,2021-02-23 08:03:11
WO000393,LOC064,2020/07/28 05:29:17,2020-07-31 01:29:17,2020-08-02 16:29,team_4,Vegetation,Yes,1,2021-02-05 02:50:38
WO000394,LOC001,2020-03-19 22:42:13,2020-03-20 00:42:13,2020-03-21 22:42,C-03,EMERG,1,M,2021-02-14 16:46:57
WO000395,LOC019,2020-11-20 09:06,2020-11-23 07:06,2020-11-28 06:06,CRW_01,INSPECTION,Yes,3,2021-03-10 08:21:08
WO000396,LOC019,2020-05-26 14:11:22,2020-05-26 17:11:22,05/30/2020 10:11,crew-1,maint,1,H,2021-01-15 06:16:14
WO000397,LOC047,24-02-2020 20:48,2020/02/25 06:48:06,,Crew01,INSPECTION,,3,2021-01-14 14:29:07
WO000398,LOC068,2020/09/28 07:05:15,2020-09-29 21:05:15,10/02/2020 09:05,CREW-02,Repair,1,H,2021-03-27 13:14:41
WO000399,LOC005,2020/08/22 15:18:21,2020/08/23 13:18:21,2020/08/26 05:18:21,CREW-02,emergency,N,P2,2021-01-16 05:22:19
WO000400,LOC035,2020-02-05 16:54,2020/02/08 10:54:37,2020-02-10 10:54,CRW_01,Vegetation,,P1,2021-03-21 20:34:31
WO000401,LOC072,08/22/2020 23:47,2020/08/23 08:47:09,2020/08/27 16:47:09,team_4,INSPECTION,Y,,2021-02-06 01:36:24
WO000402,LOC055,16-03-2020 15:01,03/18/2020 01:01,03/18/2020 14:01,CRW_01,Vegetation,No,P1,2021-02-22 13:56:40
WO000403,LOC014,01/26/2020 08:49,2020-01-27 11:49,,crw01,repair,N,M,2021-01-09 06:09:21
WO000404,LOC073,2020-08-07 08:17:16,2020-08-07 13:17:16,2020/08/10 13:17:16,C-03,Repair,No,H,2021-02-04 15:03:09
WO000405,LOC037,06/03/2020 14:54,2020-06-06 06:54,2020/06/07 06:54:00,crew-1,EMERG,,3,2021-02-18 21:25:21
WO000406,LOC013,2020/07/14 00:37:47,14-07-2020 19:37,2020/07/14 22:37:47,CRW_01,emergency,1,P1,2021-03-08 06:02:47
WO000407,LOC060,2020-01-31 14:01,2020-02-01 01:01,2020-02-04 20:01,C-03,maint,1,MED,2021-01-29 05:42:36
WO000408,LOC047,2020-08-30 03:10,2020-09-01 10:10,2020/09/01 15:10:07,crew-1,INSPECTION,,HIGH,2021-03-20 03:08:54
WO000409,LOC002,2020/02/25 09:20:17,2020-02-27 00:20:17,2020-02-29 22:20:17,T05,EMERG,1,M,2021-01-16 16:15:29
WO000410,LOC009,2020-04-18 18:52,2020/04/20 16:52:57,,CREW-02,maint,No,,2021-03-27 02:45:39
WO000411,LOC057,2020/09/09 13:09:41,2020-09-10 06:09:41,15-09-2020 06:09,C-03,emergency,,P2,2021-03-25 04:57:25
WO000412,LOC080,12/22/2020 04:21,12/22/2020 20:21,25-12-2020 04:21,crew-1,Planned,,M,2021-03-27 04:30:36
WO000413,LOC006,2020-08-29 00:32:20,2020-08-29 07:32,02-09-2020 05:32,crew-1,emergency,,P1,2021-02-25 08:30:28
WO000414,LOC052,2020-11-27 14:15:53,11/27/2020 23:15,2020/11/29 03:15:53,T05,maint,,HIGH,2021-01-09 07:58:51
WO000415,LOC024,2020/10/11 04:39:59,2020-10-11 17:39,2020/10/16 14:39:59,team_4,EMERG,Yes,MED,2021-02-03 05:54:16
WO000416,LOC078,07/07/2020 20:35,2020/07/08 23:35:53,2020-07-12 16:35:53,CRW_01,INSPECTION,,P1,2021-03-04 03:48:44
WO000417,LOC028,2020-05-04 08:21:20,05/07/2020 08:21,2020/05/07 12:21:20,team_4,maint,N,H,2021-01-21 12:48:50
WO000418,LOC003,2020-10-21 14:49:02,2020-10-23 20:49,2020-10-25 06:49,crew-1,emergency,,HIGH,2021-01-29 23:10:30
WO000419,LOC058,2020-12-04 09:00,2020-12-06 14:00:11,12/09/2020 09:00,crew-1,Planned,0,,2021-01-29 19:50:19
WO000420,LOC022,18-03-2020 03:08,2020-03-19 23:08,2020/03/24 23:08:08,team_4,EMERG,,unknown,2021-01-01 23:08:31
WO000421,LOC072,31-10-2020 02:45,2020-11-01 03:45,01-11-2020 12:45,C-03,EMERG,Y,P1,2021-03-29 00:59:56
WO000422,LOC059,2020/12/28 15:49:39,12/29/2020 09:49,2021-01-01 00:49:39,CRW_01,maint,1,P3,2021-02-13 15:00:41
WO000423,LOC075,2020/02/07 20:15:47,08-02-2020 00:15,2020-02-09 03:15,Crew01,Planned,N,MED,2021-01-21 08:47:00
WO000424,LOC025,09/20/2020 22:35,09/20/2020 23:35,2020-09-22 22:35:39,crew-1,maint,,P2,2021-02-09 20:16:14
WO000425,LOC046,2020-05-16 18:50:47,2020-05-19 15:50,05/21/2020 21:50,T05,Planned,0,P1,2021-02-23 16:00:33
WO000426,LOC077,03/04/2020 04:04,07-03-2020 01:04,2020/03/09 08:04:27,crew-1,Repair,Yes,HIGH,2021-03-05 01:44:06
WO000427,LOC003,27-08-2020 07:57,2020-08-29 11:57:46,30-08-2020 00:57,T05,repair,No,unknown,2021-02-10 20:09:51
WO000428,LOC028,2020/03/27 13:23:10,2020-03-29 23:23:10,2020-04-01 21:23,C-03,maint,,unknown,2021-03-04 14:37:52
WO000429,LOC051,01/03/2020 22:53,01/05/2020 21:53,01/10/2020 01:53,CREW-02,Planned,N,H,2021-03-29 09:35:17
WO000430,LOC054,13-01-2020 16:32,13-01-2020 17:32,01/13/2020 20:32,C-03,EMERG,1,LOW,2021-02-11 18:01:06
WO000431,LOC031,2020-08-03 19:52:05,05-08-2020 21:52,2020/08/06 21:52:05,team_4,INSPECTION,,3,2021-01-17 20:47:26
WO000432,LOC052,2020-12-17 03:29:16,2020-12-18 19:29,2020-12-21 13:29,crew-1,Planned,No,unknown,2021-02-23 16:21:47
WO000433,LOC021,2020/05/05 05:01:44,2020-05-06 07:01:44,,Crew01,repair,Yes,LOW,2021-02-07 03:04:04
WO000434,LOC004,2020-10-15 07:06,2020-10-15 23:06,10/18/2020 09:06,crw01,emergency,N,L,2021-03-23 14:24:22
WO000435,LOC032,10/09/2020 01:43,2020-10-11 01:43:27,2020-10-15 03:43:27,Crew01,repair,Yes,HIGH,2021-02-14 13:50:42
WO000436,LOC077,2020-02-17 15:30:02,2020-02-18 04:30:02,2020-02-18 22:30,T05,EMERG,N,P2,2021-01-10 18:34:55
WO000437,LOC063,2020-11-04 22:03:06,2020-11-05 00:03,,team_4,Planned,0,P3,2021-03-30 04:29:52
WO000438,LOC058,10-11-2020 00:13,10-11-2020 20:13,2020-11-11 19:13,CRW_01,Repair,0,MED,2021-02-16 23:35:39
WO000439,LOC079,2020-08-21 00:20:19,2020-08-23 21:20,08/23/2020 21:20,CRW_01,repair,1,1,2021-03-26 03:57:48
WO000440,LOC047,2020-02-14 13:54:21,2020-02-15 16:54,2020-02-15 19:54,CREW-02,emergency,,1,2021-01-09 22:18:18
WO000441,LOC045,2020/10/01 23:49:02,04-10-2020 21:49,2020/10/08 08:49:02,team_4,Vegetation,No,P1,2021-01-20 05:05:07
WO000442,LOC036,06/01/2020 13:24,2020-06-02 02:24,05-06-2020 04:24,crw01,maint,,2,2021-02-11 03:22:46
WO000443,LOC077,17-10-2020 03:17,2020/10/18 13:17:00,2020-10-22 21:17:00,team_4,Vegetation,0,MED,2021-03-29 04:14:46
WO000444,LOC009,23-06-2020 12:44,06/24/2020 09:44,,team_4,emergency,0,P2,2021-01-03 21:45:54
WO000445,LOC015,2020-03-10 20:49,2020-03-12 13:49:44,03/14/2020 19:49,crw01,EMERG,0,P1,2021-03-17 16:24:02
WO000446,LOC041,2020-02-17 11:57,2020/02/17 12:57:08,02/19/2020 04:57,C-03,Vegetation,Yes,P2,2021-01-28 12:52:08
WO000447,LOC078,23-03-2020 09:36,2020-03-26 04:36:57,03/27/2020 07:36,team_4,Planned,0,unknown,2021-02-01 01:56:13
WO000448,LOC026,03/17/2020 13:19,2020/03/17 19:19:18,2020-03-22 01:19:18,crew-1,Repair,,P1,2021-02-28 09:26:06
WO000449,LOC042,2020-08-17 14:06:50,19-08-2020 15:06,08/20/2020 21:06,CRW_01,maint,No,P1,2021-03-23 17:10:12
WO000450,LOC052,2020-01-15 08:56:28,2020-01-18 04:56:28,01/23/2020 01:56,T05,Repair,,3,2021-01-30 05:22:36
WO000451,LOC036,05/03/2020 04:25,2020/05/05 00:25:18,,CRW_01,Planned,No,3,2021-02-14 03:15:08
WO000452,LOC064,2020-11-25 14:11:57,2020-11-26 05:11:57,30-11-2020 16:11,crw01,repair,Y,P1,2021-01-11 04:59:02
WO000453,LOC042,11/30/2020 12:43,02-12-2020 19:43,2020-12-03 23:43,CRW_01,repair,No,,2021-01-05 04:22:29
WO000454,LOC015,2020/01/19 15:25:26,01/21/2020 05:25,21-01-2020 14:25,Crew01,INSPECTION,,HIGH,2021-01-13 06:16:26
WO000455,LOC041,2020/11/30 17:26:33,2020-12-01 11:26:33,2020/12/05 11:26:33,crw01,maint,,M,2021-02-01 06:06:28
WO000456,LOC062,03/28/2020 16:53,29-03-2020 03:53,2020-03-30 12:53:34,crw01,Vegetation,Yes,HIGH,2021-02-18 00:30:53
WO000457,LOC008,2020-03-23 12:24,2020/03/23 13:24:53,2020/03/27 02:24:53,crew-1,EMERG,N,unknown,2021-02-27 08:01:06
WO000458,LOC068,2020-07-18 14:08,20-07-2020 06:08,2020/07/24 07:08:59,crew-1,INSPECTION,N,MED,2021-02-07 10:27:23
WO000459,LOC058,2020-12-03 01:01:48,12/05/2020 18:01,2020-12-06 19:01,team_4,INSPECTION,No,unknown,2021-02-26 01:04:19
WO000460,LOC014,2020-02-27 04:50,2020-02-29 15:50:23,2020-03-05 07:50:23,T05,INSPECTION,No,H,2021-02-16 05:43:14
WO000461,LOC068,2020-06-24 18:55:08,06/26/2020 15:55,28-06-2020 00:55,team_4,Vegetation,1,P2,2021-02-18 18:11:18
WO000462,LOC056,2020-07-16 06:13:16,2020-07-18 00:13:16,07/18/2020 06:13,team_4,Planned,N,M,2021-01-19 09:26:58
WO000463,LOC052,2020/03/09 14:27:06,2020-03-11 01:27:06,13-03-2020 20:27,CRW_01,Vegetation,Yes,1,2021-01-12 04:24:26
WO000464,LOC007,13-12-2020 14:32,2020-12-13 18:32:58,2020-12-16 19:32:58,CREW-02,Vegetation,,P2,2021-02-08 03:29:21
WO000465,LOC013,03/26/2020 09:30,03/27/2020 19:30,2020-03-30 10:30,CREW-02,repair,Yes,P1,2021-02-18 20:38:04
WO000466,LOC080,2020-07-04 03:42,07/05/2020 18:42,2020-07-10 07:42,crew-1,INSPECTION,1,MED,2021-03-29 08:50:50
WO000467,LOC059,2020-02-25 01:59:07,2020-02-25 02:59,02/28/2020 15:59,CREW-02,Repair,1,P3,2021-03-15 19:32:09
WO000468,LOC002,2020-08-18 16:31,2020/08/20 13:31:45,2020/08/23 01:31:45,crew-1,repair,Y,LOW,2021-03-08 00:37:21
WO000469,LOC038,2020-11-20 10:06:37,2020-11-21 15:06:37,2020-11-24 10:06,CREW-02,EMERG,,2,2021-03-13 08:14:35
WO000470,LOC045,2020/07/30 22:25:59,2020-08-01 06:25:59,08/04/2020 18:25,C-03,emergency,0,L,2021-03-17 04:46:37
WO000471,LOC077,2020-07-07 02:30,2020/07/07 16:30:51,2020-07-09 02:30:51,crw01,INSPECTION,0,2,2021-01-04 00:00:47
WO000472,LOC032,2020-08-12 07:28,2020/08/14 14:28:29,2020-08-16 12:28:29,crew-1,emergency,,L,2021-01-17 23:40:05
WO000473,LOC034,2020/12/19 12:51:56,12/21/2020 08:51,26-12-2020 01:51,CREW-02,Vegetation,Y,LOW,2021-02-20 11:52:08
WO000474,LOC044,11/19/2020 23:02,11/20/2020 14:02,22-11-2020 21:02,crew-1,repair,,P3,2021-01-15 06:50:25
WO000475,LOC060,21-09-2020 10:39,2020-09-22 05:39,24-09-2020 23:39,CREW-02,maint,No,HIGH,2021-03-19 15:38:03
WO000476,LOC038,2020-01-07 01:19:54,2020-01-09 11:19:54,09-01-2020 16:19,T05,emergency,Y,P2,2021-02-04 04:48:53
WO000477,LOC001,20-01-2020 09:07,21-01-2020 17:07,01/22/2020 10:07,Crew01,Repair,No,P1,2021-03-13 04:08:15
WO000478,LOC026,06/16/2020 19:00,2020-06-17 05:00,2020/06/18 18:00:18,team_4,Planned,,HIGH,2021-03-28 16:55:09
WO000479,LOC034,2020/12/23 08:49:51,12/24/2020 22:49,28-12-2020 02:49,Crew01,Vegetation,No,P1,2021-02-10 10:04:40
WO000480,LOC071,18-03-2020 11:41,2020/03/20 01:41:26,,Crew01,Planned,,HIGH,2021-01-14 10:59:03
WO000481,LOC068,2020/06/20 14:49:08,06/22/2020 06:49,06/24/2020 22:49,team_4,maint,,P2,2021-02-14 18:52:10
WO000482,LOC004,2020-12-20 09:39:35,2020-12-23 08:39,2020/12/23 11:39:35,CREW-02,Vegetation,0,P1,2021-03-02 06:46:40
WO000483,LOC070,2020-12-15 11:47,2020/12/18 11:47:29,2020/12/23 03:47:29,CRW_01,maint,,unknown,2021-01-06 06:38:09
WO000484,LOC011,01/22/2020 05:46,23-01-2020 15:46,2020-01-28 01:46:24,crew-1,emergency,,3,2021-02-02 04:00:09
WO000485,LOC008,17-02-2020 03:55,2020-02-19 20:55,2020-02-23 18:55,T05,INSPECTION,N,P3,2021-03-04 02:32:05
WO000486,LOC020,2020/04/26 20:31:07,28-04-2020 11:31,2020-05-02 07:31:07,crw01,Repair,Yes,H,2021-01-15 20:34:02
WO000487,LOC078,2020-12-07 17:15,2020-12-08 08:15:13,,T05,repair,,P2,2021-01-06 09:40:52
WO000488,LOC016,26-04-2020 11:29,04/28/2020 14:29,2020-05-01 03:29,T05,Repair,,P1,2021-03-03 18:26:48
WO000489,LOC003,2020-03-12 18:32,13-03-2020 12:32,2020-03-17 20:32,crw01,maint,,M,2021-01-29 02:27:54
WO000490,LOC013,2020/08/16 15:40:34,2020-08-19 06:40:34,2020/08/21 05:40:34,T05,Planned,,P1,2021-01-03 17:10:34
WO000491,LOC037,06/26/2020 12:18,2020-06-27 03:18:56,30-06-2020 03:18,T05,repair,0,P1,2021-02-15 10:18:09
WO000492,LOC059,2020-04-17 12:55,04/17/2020 13:55,18-04-2020 09:55,team_4,Repair,1,P3,2021-01-15 16:47:38
WO000493,LOC046,09/11/2020 17:44,09/14/2020 17:44,2020-09-16 12:44,team_4,Repair,,P2,2021-02-15 19:15:45
WO000494,LOC078,12-09-2020 22:03,09/13/2020 21:03,16-09-2020 22:03,Crew01,EMERG,0,LOW,2021-03-01 22:49:15
WO000495,LOC052,2020-01-27 05:47,2020-01-27 10:47:52,2020-01-27 13:47,crew-1,maint,,MED,2021-03-15 18:43:01
WO000496,LOC030,2020/10/26 17:10:08,2020/10/27 23:10:08,2020-10-28 12:10,crew-1,repair,No,HIGH,2021-01-04 15:11:27
WO000497,LOC010,2020-06-20 11:20,06/22/2020 10:20,2020-06-25 15:20:36,crew-1,maint,,P1,2021-03-03 21:14:23
WO000498,LOC074,08/04/2020 02:39,2020-08-05 03:39,2020/08/06 04:39:35,crw01,INSPECTION,,unknown,2021-02-21 07:33:46
WO000499,LOC025,2020-02-03 09:44,2020-02-03 12:44:55,2020-02-06 20:44:55,Crew01,repair,0,,2021-02-09 14:46:21
WO000500,LOC073,2020/07/31 06:30:09,2020-07-31 15:30,02-08-2020 10:30,crw01,maint,0,MED,2021-03-02 01:09:36
