outage_id,location_id,start_time_raw,end_time_raw,duration_minutes_raw,cause_code_raw,equipment_type_raw,weather_severity_raw,customers_affected_raw,_ingest_ts
OUT000001,LOC015,2020-01-10 17:07,2020-01-10 21:53,109,,Transformer,unknown,3457,2021-01-03 21:25:57
OUT000002,LOC012,25-03-2020 21:51,26-03-2020 01:54,208,,Recloser,MED, 3680 ,2021-03-20 14:06:34
OUT000003,LOC001,2020/10/21 16:35:50,10/21/2020 19:23,225,EQ,Transformer,H,3113,2021-02-04 20:28:57
OUT000004,LOC045,2020-08-22 11:08:04,2020/08/22 15:43:04,392,WEATHER,Switch,M,"2,963",2021-03-10 09:46:16
OUT000005,LOC009,2020-01-18 19:06,01/19/2020 06:28,NA,WEATHER,Recloser,M, 3715 ,2021-01-16 19:00:41
OUT000006,LOC048,05/17/2020 23:21,2020-05-18 03:00:46,,Storm,Switch,MED,1339 customers,2021-02-06 20:11:42
OUT000007,LOC035,25-12-2020 09:16,2020-12-25 20:16,,WX,Pole,HIGH,2585 customers,2021-01-26 23:52:53
OUT000008,LOC009,03/22/2020 22:30,2020-03-23 08:15,,EQUIP,Capacitor Bank,L, 1171 ,2021-01-14 13:21:44
OUT000009,LOC032,16-10-2020 07:48,10/16/2020 17:27,,EQUIP,Switch,LOW,"2,966",2021-01-14 10:20:10
OUT000010,LOC066,2020-07-10 15:54:03,2020-07-10 17:32:03,168,EQUIP,Switch,H,3153 customers,2021-02-27 20:31:14
OUT000011,LOC060,24-07-2020 11:42,2020-07-24 16:04:11,,WEATHER,Capacitor Bank,, 2186 ,2021-01-11 19:56:07
OUT000012,LOC038,2020/06/17 20:18:21,2020-06-17 23:04:21,unknown,VEGETATION,Switch,Hi,4159,2021-03-26 12:27:19
OUT000013,LOC039,22-11-2020 20:55,23-11-2020 07:54,387,Storm,Switch,, 5 ,2021-02-17 10:32:01
OUT000014,LOC003,02/13/2020 10:40,2020-02-13 16:56,585,WEATHER,Transformer,L,567,2021-01-13 11:10:25
OUT000015,LOC061,08/01/2020 12:32,01-08-2020 15:26,n/a,VEG,Switch,MED,2554 customers,2021-03-07 05:08:38
OUT000016,LOC048,2020/06/19 03:23:19,2020-06-19 12:17:19,70,EQ,Transformer,unknown,"4,538",2021-02-27 03:09:53
OUT000017,LOC029,2020-01-03 19:01:24,2020-01-03 20:18,37,EQ,Transformer,, 1950 ,2021-03-06 22:49:52
OUT000018,LOC063,2020-03-24 04:49,24-03-2020 14:06,253,Unknown,Line,LOW,1560,2021-01-10 09:51:54
OUT000019,LOC056,2020/05/17 14:17:33,2020/05/17 21:35:33,NA,WEATHER,Transformer,LOW,2780,2021-01-25 03:24:40
OUT000020,LOC025,2020/03/14 20:52:31,2020-03-15 06:06,290,Unknown,Pole,H,3631,2021-01-05 21:52:45
OUT000021,LOC070,2020-11-20 16:20:30,2020-11-20 16:40,502,Unknown,Pole,LOW,481,2021-02-06 19:04:16
OUT000022,LOC001,2020/05/31 14:59:40,05/31/2020 19:35,574,Unknown,Pole,MED,"2,431",2021-01-06 16:16:33
OUT000023,LOC075,2020-10-12 17:34:03,10/13/2020 02:54,603,Unknown,Switch,,1290,2021-02-19 07:19:34
OUT000024,LOC011,2020-11-26 15:05:15,26-11-2020 18:20,245,EQUIP,Transformer,unknown,2017,2021-03-02 03:15:48
OUT000025,LOC011,11-06-2020 19:27,12-06-2020 06:45,272,VEG,Capacitor Bank,Medium, 1956 ,2021-02-08 10:14:52
OUT000026,LOC017,09/17/2020 20:36,2020/09/18 07:41:23,79,WX,Recloser,unknown,4613,2021-01-08 02:42:35
OUT000027,LOC069,03/23/2020 18:44,2020-03-24 03:27,NA,VEG,Feeder,M,1293 customers,2021-03-22 22:45:59
OUT000028,LOC070,30-09-2020 05:28,30-09-2020 10:42,572,VEGETATION,Capacitor Bank,H, 1101 ,2021-01-12 04:58:05
OUT000029,LOC014,2020-10-15 07:49,10/15/2020 17:20,220,EQ,Pole,,2163 customers,2021-01-25 09:09:17
OUT000030,LOC007,2020/02/05 20:17:02,02/06/2020 07:11,346,Storm,Capacitor Bank,M,1324 customers,2021-02-23 13:30:30
OUT000031,LOC055,2020-08-05 20:01:51,2020-08-05 20:15:51,unknown,Storm,Switch,HIGH,"3,025",2021-02-11 17:28:32
OUT000032,LOC017,01/17/2020 05:52,2020-01-17 11:12:23,NA,VEG,Capacitor Bank,H,2898 customers,2021-03-02 06:14:46
OUT000033,LOC020,2020-12-25 12:44,2020-12-25 16:51,NA,Storm,Capacitor Bank,Medium,"3,373",2021-01-26 21:42:08
OUT000034,LOC021,2020/11/01 18:51:44,2020-11-01 20:46:44,NA,VEG,Line,L, 2865 ,2021-03-21 15:59:18
OUT000035,LOC030,2020-03-27 13:47,2020/03/27 14:16:53,76,VEGETATION,Feeder,,4174 customers,2021-03-07 23:23:31
OUT000036,LOC069,2020-05-08 14:32:25,05/08/2020 15:05,276,WX,Transformer,unknown, 3560 ,2021-03-12 17:37:58
OUT000037,LOC041,18-06-2020 11:29,2020-06-18 21:54:08,595,VEG,Feeder,HIGH,3573,2021-02-20 11:30:07
OUT000038,LOC069,2020-09-23 17:58,09/24/2020 05:29,685,EQ,Switch,Medium, 1021 ,2021-02-19 05:40:51
OUT000039,LOC040,09/15/2020 23:53,2020/09/16 06:56:32,,,Pole,MED,3445 customers,2021-03-07 18:15:54
OUT000040,LOC023,08/27/2020 01:00,2020/08/27 10:47:53,5,VEGETATION,Feeder,MED, 3522 ,2021-02-15 03:30:03
OUT000041,LOC057,2020-06-20 17:13,21-06-2020 04:49,178,WEATHER,Feeder,,2746,2021-03-21 11:03:53
OUT000042,LOC031,2020-09-18 06:54,2020-09-18 12:16,52,VEG,Recloser,unknown,597 customers,2021-02-10 05:43:03
OUT000043,LOC074,2020/03/16 12:16:03,2020/03/17 00:14:03,156,WX,Line,H,"3,483",2021-01-18 01:50:44
OUT000044,LOC067,29-06-2020 09:55,2020-06-29 10:51,NA,Unknown,Pole,L, 4352 ,2021-03-15 07:51:36
OUT000045,LOC057,2020/08/25 22:20:00,26-08-2020 07:01,167,Unknown,Recloser,M, 2026 ,2021-03-16 08:28:30
OUT000046,LOC067,2020-07-07 04:46,07/07/2020 15:32,297,VEG,Feeder,Medium,2620,2021-01-14 10:26:05
OUT000047,LOC020,2020-03-30 19:30,2020-03-31 02:07,422,EQ,Switch,L,3407,2021-01-21 01:57:32
OUT000048,LOC054,2020-05-31 06:11:13,31-05-2020 16:14,11,EQ,Feeder,LOW,"3,433",2021-02-17 09:39:25
OUT000049,LOC029,2020/04/15 23:56:29,2020-04-16 07:27:29,689,EQUIP,Capacitor Bank,Hi,"3,829",2021-03-02 09:57:49
OUT000050,LOC069,11-01-2020 11:20,11-01-2020 18:08,,WEATHER,Capacitor Bank,LOW,1112 customers,2021-01-18 15:27:33
OUT000051,LOC007,04/11/2020 00:49,2020-04-11 07:22,350,EQUIP,Feeder,LOW,2067,2021-02-15 15:53:39
OUT000052,LOC003,2020-10-17 21:24:43,10/18/2020 06:41,75,WX,Line,HIGH,"2,026",2021-03-23 11:32:41
OUT000053,LOC003,2020-08-29 07:16,2020-08-29 09:57,122,  wx  ,Pole,L, 2100 ,2021-01-17 06:58:37
OUT000054,LOC078,2020-08-23 19:57,08/23/2020 21:59,31,VEGETATION,Switch,,3075 customers,2021-03-11 10:06:18
OUT000055,LOC026,2020-01-30 12:20,2020-01-30 22:31:18,,VEGETATION,Line,,4919,2021-03-19 07:20:37
OUT000056,LOC073,10/30/2020 22:41,30-10-2020 23:28,384,WEATHER,Switch,,2796,2021-03-24 11:39:16
OUT000057,LOC054,2020-11-15 08:40:46,2020/11/15 17:06:46,unknown,Unknown,Capacitor Bank,Hi,"3,568",2021-03-13 05:52:01
OUT000058,LOC067,09-09-2020 14:42,09-09-2020 19:23,,Unknown,Recloser,unknown, 2199 ,2021-03-24 16:38:07
OUT000059,LOC032,11/18/2020 14:58,2020/11/18 16:31:27,480,  wx  ,Switch,, 3105 ,2021-01-03 18:52:33
OUT000060,LOC064,2020-11-26 11:27,2020/11/26 17:04:19,269,EQ,Feeder,unknown,2264,2021-02-20 03:49:43
OUT000061,LOC025,2020/02/03 05:58:14,2020/02/03 10:10:14,251,Unknown,Capacitor Bank,L,3672,2021-01-10 00:49:48
OUT000062,LOC038,2020-03-27 01:25,03/27/2020 08:24,,EQ,Recloser,, 4350 ,2021-02-11 07:29:44
OUT000063,LOC071,2020/05/08 11:11:54,05/08/2020 17:16,241,WEATHER,Capacitor Bank,MED,2585,2021-03-14 03:02:18
OUT000064,LOC069,2020-10-23 00:07,2020-10-23 11:58,500,VEGETATION,Capacitor Bank,unknown, 4298 ,2021-01-10 18:14:34
OUT000065,LOC025,04/25/2020 01:13,2020-04-25 05:10,551,Storm,Feeder,HIGH, 447 ,2021-03-09 17:06:01
OUT000066,LOC017,2020-09-04 17:22:33,2020-09-05 01:49:33,485,Unknown,Recloser,Medium,1511,2021-01-25 12:19:02
OUT000067,LOC062,2020/02/14 07:22:09,2020/02/14 08:33:09,649,WX,Pole,Hi, 4611 ,2021-01-09 06:29:09
OUT000068,LOC032,2020/02/16 00:02:54,16-02-2020 09:38,638,VEG,Line,,3117 customers,2021-03-30 04:58:07
OUT000069,LOC057,2020/04/25 11:31:55,04/25/2020 21:38,66,  wx  ,Capacitor Bank,H,"1,703",2021-01-26 16:40:12
OUT000070,LOC011,2020-03-01 23:52,02-03-2020 04:02,7,EQUIP,Recloser,unknown, 3850 ,2021-01-04 04:03:22
OUT000071,LOC030,2020/04/21 21:19:55,2020-04-22 02:13:55,,VEGETATION,Line,,"4,832",2021-02-11 06:38:44
OUT000072,LOC015,2020-07-30 11:41,07/30/2020 15:36,NA,WX,Pole,M, 4875 ,2021-02-12 15:18:06
OUT000073,LOC016,07/01/2020 00:34,2020/07/01 12:24:54,unknown,,Recloser,L,659,2021-03-28 08:30:19
OUT000074,LOC056,12-10-2020 06:21,10/12/2020 11:56,239,  wx  ,Switch,HIGH,2208,2021-03-16 02:10:22
OUT000075,LOC023,2020/07/01 17:23:07,07/02/2020 02:19,604,EQUIP,Capacitor Bank,L,748 customers,2021-02-03 18:48:28
OUT000076,LOC053,2020-05-09 10:39:33,2020-05-09 16:12,715,Unknown,Feeder,,3281,2021-02-14 03:49:16
OUT000077,LOC012,05/02/2020 03:30,2020-05-02 07:53:44,n/a,,Line,HIGH,4445 customers,2021-02-10 02:56:11
OUT000078,LOC007,03/13/2020 20:23,14-03-2020 05:18,,Unknown,Line,HIGH, 1668 ,2021-02-23 07:46:28
OUT000079,LOC017,2020/12/26 06:32:12,2020/12/26 11:31:12,650,  wx  ,Line,MED, 1298 ,2021-02-23 11:32:52
OUT000080,LOC002,2020-08-02 11:21:22,2020-08-02 18:23,NA,Unknown,Transformer,,1262 customers,2021-03-11 13:48:24
OUT000081,LOC038,2020/07/16 15:01:51,2020/07/16 19:45:51,NA,Unknown,Switch,Hi,"3,143",2021-03-31 12:06:30
OUT000082,LOC077,2020-07-16 09:08:54,07/16/2020 11:32,,EQUIP,Feeder,,2189,2021-01-28 11:03:45
OUT000083,LOC039,21-11-2020 05:50,2020/11/21 15:56:28,n/a,,Recloser,Medium,2724 customers,2021-02-14 05:01:47
OUT000084,LOC042,2020-12-03 17:16,03-12-2020 20:34,425,WX,Feeder,L,3124 customers,2021-03-06 10:30:25
OUT000085,LOC020,2020-07-11 08:47,11-07-2020 09:29,n/a,WEATHER,Line,L,817 customers,2021-01-02 11:45:44
OUT000086,LOC019,2020-06-08 05:16,2020-06-08 16:31:39,276,EQ,Switch,LOW, 658 ,2021-03-24 18:05:57
OUT000087,LOC069,2020/05/27 13:56:39,27-05-2020 19:25,75,VEG,Capacitor Bank,,"2,355",2021-03-14 12:05:30
OUT000088,LOC012,2020-06-17 12:54:26,2020/06/17 14:39:26,311,WX,Transformer,Medium, 460 ,2021-02-04 19:16:48
OUT000089,LOC048,2020-06-16 06:17,16-06-2020 08:51,703,Storm,Pole,Hi,647 customers,2021-03-02 04:01:47
OUT000090,LOC031,2020-07-12 06:35,2020-07-12 16:37,265,Unknown,Feeder,,77 customers,2021-03-29 11:58:12
OUT000091,LOC037,2020-09-20 03:47,2020-09-20 13:11:28,358,  wx  ,Feeder,, 3476 ,2021-02-14 08:30:16
OUT000092,LOC039,2020/03/18 08:50:13,2020-03-18 15:28:13,590,EQ,Switch,M,2419,2021-03-22 14:07:39
OUT000093,LOC051,16-04-2020 14:20,2020-04-16 14:33:33,unknown,Unknown,Line,M, 1886 ,2021-01-22 06:19:03
OUT000094,LOC025,2020-08-29 03:07,2020-08-29 07:28:30,unknown,WX,Feeder,L, 274 ,2021-03-13 02:31:19
OUT000095,LOC017,02/05/2020 00:06,2020/02/05 05:13:14,140,,Feeder,, 4111 ,2021-03-22 15:08:29
OUT000096,LOC022,04/09/2020 19:08,04/10/2020 03:26,n/a,WEATHER,Pole,MED, 3256 ,2021-01-09 18:25:15
OUT000097,LOC051,06-01-2020 09:43,2020-01-06 14:18:52,693,VEGETATION,Switch,LOW,3044,2021-03-07 12:28:59
OUT000098,LOC030,02-07-2020 02:28,02-07-2020 02:58,629,VEG,Capacitor Bank,H, 3804 ,2021-03-05 00:50:15
OUT000099,LOC053,2020-02-15 07:29:54,2020-02-15 09:57:54,509,WEATHER,Transformer,MED,"4,404",2021-02-07 17:36:37
OUT000100,LOC059,24-05-2020 02:04,2020/05/24 13:35:40,163,EQUIP,Capacitor Bank,H,4009 customers,2021-01-28 03:50:30
OUT000101,LOC005,2020-09-25 01:52,2020/09/25 08:16:55,246,EQ,Transformer,, 3010 ,2021-01-06 21:05:30
OUT000102,LOC051,2020-04-17 03:24:05,2020/04/17 06:43:05,222,  wx  ,Transformer,HIGH,"2,733",2021-01-13 05:25:26
OUT000103,LOC073,20-03-2020 16:39,2020-03-20 17:54,243,EQ,Line,Hi,4883,2021-01-27 22:05:49
OUT000104,LOC019,02/20/2020 11:36,2020-02-20 20:54,31,Storm,Transformer,Medium, 1950 ,2021-01-02 12:46:21
OUT000105,LOC023,2020-04-13 01:24,2020/04/13 02:22:16,70,Unknown,Recloser,Medium,4205,2021-02-13 21:14:56
OUT000106,LOC065,2020-03-27 00:59:36,27-03-2020 11:33,663,WX,Transformer,L,3291 customers,2021-03-08 14:43:22
OUT000107,LOC014,2020-07-09 09:38:12,2020-07-09 17:17:12,156,WEATHER,Pole,M, 4796 ,2021-02-06 23:34:17
OUT000108,LOC077,2020/07/25 01:08:53,25-07-2020 06:14,,WEATHER,Line,H,"4,517",2021-02-11 18:08:08
OUT000109,LOC058,2020/12/10 21:36:29,12/11/2020 01:34,n/a,EQUIP,Capacitor Bank,H,2561 customers,2021-01-31 08:13:57
OUT000110,LOC033,2020/05/25 08:44:18,2020-05-25 11:25:18,92,WEATHER,Recloser,H,"3,053",2021-02-24 00:26:16
OUT000111,LOC008,15-08-2020 18:15,08/16/2020 03:55,,EQUIP,Feeder,,3465,2021-01-28 22:13:30
OUT000112,LOC077,2020-05-01 08:14:05,01-05-2020 14:19,163,Unknown,Pole,H, 2869 ,2021-01-12 03:42:07
OUT000113,LOC036,2020/08/10 22:59:59,11-08-2020 02:55,unknown,  wx  ,Capacitor Bank,,4561,2021-03-01 03:03:39
OUT000114,LOC035,01/12/2020 05:51,01/12/2020 09:00,n/a,WX,Pole,Hi,4640 customers,2021-01-07 18:08:44
OUT000115,LOC019,2020-10-14 18:19:55,2020-10-15 05:12:55,,VEG,Recloser,LOW, 3717 ,2021-01-16 06:47:24
OUT000116,LOC048,01-05-2020 00:40,01-05-2020 06:17,58,Storm,Pole,unknown,408,2021-01-27 10:02:44
OUT000117,LOC057,2020/09/14 01:42:56,14-09-2020 09:01,284,VEG,Line,, 933 ,2021-02-11 17:46:16
OUT000118,LOC015,20-04-2020 00:02,2020/04/20 11:41:54,320,WX,Pole,LOW,4910,2021-01-01 17:54:43
OUT000119,LOC027,2020-04-27 01:25,04/27/2020 05:06,127,WX,Recloser,LOW,"1,440",2021-02-06 21:56:51
OUT000120,LOC069,30-09-2020 06:41,30-09-2020 10:41,n/a,WEATHER,Recloser,HIGH,3574,2021-02-14 15:18:18
OUT000121,LOC010,30-11-2020 19:26,2020/12/01 00:51:51,660,EQUIP,Feeder,H,3319,2021-02-01 12:45:52
OUT000122,LOC022,2020/11/07 04:51:49,11/07/2020 15:28,113,VEG,Recloser,unknown,3281,2021-02-08 10:12:11
OUT000123,LOC040,2020-10-16 15:24,10/16/2020 21:16,,WEATHER,Switch,,935,2021-03-29 22:57:10
OUT000124,LOC045,2020-05-16 08:29,2020-05-16 19:34,267,VEG,Pole,unknown,1253,2021-01-18 04:46:49
OUT000125,LOC064,29-06-2020 04:21,2020/06/29 14:03:21,,  wx  ,Capacitor Bank,, 2648 ,2021-01-15 15:45:22
OUT000126,LOC057,2020/01/27 12:28:26,01/27/2020 20:33,,  wx  ,Transformer,Medium,4157,2021-01-31 03:18:09
OUT000127,LOC060,2020-06-24 12:08:33,06/24/2020 12:51,NA,WEATHER,Switch,unknown,4154 customers,2021-02-14 22:11:46
OUT000128,LOC075,2020/08/03 06:36:10,03-08-2020 07:23,,EQ,Switch,L,"4,108",2021-01-07 00:10:34
OUT000129,LOC058,2020-02-10 04:42:26,10-02-2020 10:38,,WX,Pole,L,"3,600",2021-02-05 07:56:37
OUT000130,LOC048,2020/12/22 11:47:27,2020/12/22 16:41:27,,  wx  ,Transformer,,2742,2021-02-02 00:14:06
OUT000131,LOC013,2020/08/04 16:35:38,08/05/2020 04:14,677,  wx  ,Line,Hi,2731,2021-02-26 13:52:53
OUT000132,LOC019,12/22/2020 00:41,2020/12/22 06:44:46,91,VEGETATION,Switch,LOW,"2,691",2021-03-07 01:29:03
OUT000133,LOC068,2020/02/06 07:02:41,06-02-2020 18:08,376,VEGETATION,Pole,MED,2800 customers,2021-01-19 15:24:16
OUT000134,LOC029,2020-02-23 10:12:07,02/23/2020 12:55,NA,,Line,,4314,2021-03-06 06:24:24
OUT000135,LOC044,2020-12-06 08:34,06-12-2020 19:11,171,Storm,Line,unknown,1357 customers,2021-01-05 05:48:38
OUT000136,LOC053,2020-05-21 11:30,2020/05/21 23:07:59,,Unknown,Pole,, 1960 ,2021-03-20 12:13:48
OUT000137,LOC061,12/17/2020 01:39,17-12-2020 05:02,n/a,VEGETATION,Line,LOW,4120 customers,2021-01-16 17:37:22
OUT000138,LOC026,2020-11-07 04:16,11/07/2020 14:40,497,EQ,Switch,H,4227,2021-01-28 16:14:41
OUT000139,LOC011,10/23/2020 08:45,2020/10/23 11:34:51,NA,EQUIP,Transformer,MED, 3696 ,2021-01-03 14:08:45
OUT000140,LOC054,21-01-2020 16:23,01/21/2020 23:13,88,EQ,Pole,HIGH,2611,2021-03-23 11:25:20
OUT000141,LOC043,2020-11-03 08:12,2020-11-03 10:46:07,488,Storm,Line,L,3675,2021-03-29 22:48:03
OUT000142,LOC011,2020-01-08 09:07,2020-01-08 13:34,628,,Recloser,H,"2,361",2021-01-30 05:43:59
OUT000143,LOC016,2020/01/19 13:03:25,19-01-2020 17:12,118,Unknown,Switch,,135,2021-03-11 18:19:46
OUT000144,LOC019,2020-04-23 02:51:06,23-04-2020 10:15,589,EQUIP,Pole,, 702 ,2021-01-07 13:42:15
OUT000145,LOC068,30-07-2020 07:12,30-07-2020 15:56,486,WX,Capacitor Bank,LOW, 3059 ,2021-03-14 13:22:25
OUT000146,LOC003,05/18/2020 16:21,2020-05-18 17:35,,WEATHER,Line,unknown,"2,724",2021-01-05 07:18:34
OUT000147,LOC046,2020-07-31 01:13,2020/07/31 07:04:01,n/a,Storm,Line,Hi,517 customers,2021-01-04 14:10:42
OUT000148,LOC038,2020-03-19 06:57,2020-03-19 07:46:51,322,,Recloser,, 3879 ,2021-01-04 13:19:57
OUT000149,LOC025,2020-04-21 02:44:48,04/21/2020 08:54,381,EQUIP,Recloser,L, 3168 ,2021-01-19 03:18:56
OUT000150,LOC064,09/25/2020 18:32,26-09-2020 03:06,89,EQUIP,Transformer,LOW,"4,936",2021-02-22 23:02:50
OUT000151,LOC038,2020-05-04 17:54:27,05/04/2020 19:44,,VEGETATION,Recloser,unknown,"3,491",2021-03-08 23:16:06
OUT000152,LOC057,2020-05-16 12:39:19,05/16/2020 20:21,,EQUIP,Feeder,,470,2021-03-07 03:58:18
OUT000153,LOC052,2020-05-21 02:18,2020-05-21 11:08:18,627,Unknown,Transformer,Hi,551,2021-03-17 14:04:20
OUT000154,LOC047,20-05-2020 15:29,2020-05-20 22:06:17,,Unknown,Feeder,Medium,3637,2021-02-25 17:20:04
OUT000155,LOC018,2020/07/24 14:55:25,07/24/2020 21:15,,VEG,Transformer,HIGH,1525 customers,2021-02-20 06:26:02
OUT000156,LOC050,2020-12-20 18:49:59,12/21/2020 04:29,,Unknown,Pole,unknown,2340 customers,2021-01-20 10:26:57
OUT000157,LOC016,2020/02/22 17:04:49,2020-02-22 18:24,n/a,WEATHER,Line,, 2619 ,2021-03-10 21:20:57
OUT000158,LOC009,08/01/2020 14:20,08/01/2020 23:40,unknown,Storm,Line,Medium,"4,168",2021-01-12 18:47:42
OUT000159,LOC026,2020-11-03 14:35,2020/11/03 17:02:13,572,  wx  ,Feeder,L,"4,520",2021-03-01 09:56:34
OUT000160,LOC012,2020/01/26 12:49:00,2020/01/26 18:10:00,424,  wx  ,Transformer,Hi,2598,2021-02-13 16:30:59
OUT000161,LOC060,09/21/2020 03:04,2020-09-21 11:58,unknown,  wx  ,Pole,Hi,3545,2021-03-22 17:16:51
OUT000162,LOC016,07/20/2020 05:03,2020-07-20 07:44,235,EQ,Switch,M, 647 ,2021-01-20 01:24:59
OUT000163,LOC071,04/16/2020 14:04,16-04-2020 16:17,519,Storm,Switch,unknown,"1,264",2021-03-05 22:57:31
OUT000164,LOC080,10/06/2020 20:47,07-10-2020 07:11,34,WEATHER,Transformer,, 4725 ,2021-03-05 05:14:34
OUT000165,LOC027,2020/10/24 20:34:33,25-10-2020 06:24,,Unknown,Capacitor Bank,, 2373 ,2021-02-16 21:20:34
OUT000166,LOC032,2020/11/08 12:14:13,11/09/2020 00:00,710,WX,Pole,L,3405 customers,2021-02-15 02:13:43
OUT000167,LOC027,2020-05-12 02:49,05/12/2020 13:15,n/a,EQ,Recloser,Hi,3036,2021-01-31 23:35:38
OUT000168,LOC031,06/30/2020 03:50,2020/06/30 06:00:22,104,WX,Feeder,LOW,"3,426",2021-03-26 00:18:45
OUT000169,LOC021,11-11-2020 22:09,11/12/2020 03:49,168,Unknown,Switch,L, 4086 ,2021-02-18 06:57:24
OUT000170,LOC003,04-02-2020 23:19,2020/02/05 06:06:06,NA,  wx  ,Feeder,HIGH, 415 ,2021-02-18 01:11:13
OUT000171,LOC077,2020/12/08 15:59:59,12/09/2020 03:13,115,EQUIP,Pole,M,2997 customers,2021-02-05 12:41:45
OUT000172,LOC006,04-06-2020 13:41,04-06-2020 14:38,571,VEGETATION,Transformer,LOW,4131 customers,2021-03-16 05:11:26
OUT000173,LOC071,18-04-2020 15:11,2020-04-19 01:54:08,104,EQUIP,Feeder,Medium, 4570 ,2021-03-15 07:11:46
OUT000174,LOC019,18-03-2020 07:21,2020/03/18 17:42:14,51,WX,Pole,Medium,3881 customers,2021-01-15 11:03:24
OUT000175,LOC078,2020-12-12 20:35,12/13/2020 05:27,n/a,Storm,Recloser,unknown, 2452 ,2021-02-19 06:07:46
OUT000176,LOC066,25-07-2020 17:46,07/26/2020 02:12,22,EQ,Feeder,,898 customers,2021-02-26 16:07:28
OUT000177,LOC040,2020-11-05 10:17:35,05-11-2020 22:06,676,  wx  ,Switch,MED,421 customers,2021-01-17 13:19:18
OUT000178,LOC068,2020/09/01 06:56:24,2020-09-01 17:35,NA,WX,Switch,H,1563,2021-02-12 19:41:39
OUT000179,LOC041,2020/06/11 15:18:55,2020-06-11 17:58,631,Unknown,Line,HIGH,"1,132",2021-02-24 10:57:39
OUT000180,LOC042,14-09-2020 04:24,2020/09/14 12:38:04,182,Unknown,Switch,Medium, 4476 ,2021-03-07 14:53:16
OUT000181,LOC034,2020-08-24 22:19,2020-08-25 06:39,310,VEG,Feeder,M,1699 customers,2021-01-31 18:45:30
OUT000182,LOC062,05/15/2020 11:04,05/15/2020 20:42,697,,Recloser,LOW,"2,828",2021-01-29 04:48:13
OUT000183,LOC006,04/21/2020 16:54,2020/04/21 18:19:32,,Unknown,Pole,MED, 4413 ,2021-02-24 13:35:48
OUT000184,LOC035,23-02-2020 07:28,23-02-2020 09:24,56,,Pole,,1908,2021-01-10 17:28:41
OUT000185,LOC053,2020-05-08 06:33:34,2020-05-08 14:41,568,Storm,Recloser,,3897 customers,2021-03-05 03:51:54
OUT000186,LOC026,10/20/2020 13:36,10/20/2020 18:35,,WEATHER,Capacitor Bank,unknown,1903,2021-03-30 15:58:46
OUT000187,LOC023,2020-06-11 06:58:13,2020/06/11 10:03:13,,Storm,Capacitor Bank,M,307,2021-01-29 23:18:15
OUT000188,LOC073,08/22/2020 02:20,08/22/2020 04:14,661,,Switch,L,1100 customers,2021-01-27 11:45:23
OUT000189,LOC025,11/10/2020 02:41,2020-11-10 04:41,,VEGETATION,Capacitor Bank,Hi, 116 ,2021-03-18 18:37:19
OUT000190,LOC038,2020-08-08 12:06,2020-08-08 23:41,,EQUIP,Line,LOW, 4222 ,2021-01-09 10:06:49
OUT000191,LOC052,2020-09-16 21:55,2020-09-16 23:37,259,WX,Feeder,LOW,1930 customers,2021-03-15 04:22:49
OUT000192,LOC035,08-05-2020 00:19,08-05-2020 05:33,674,EQ,Capacitor Bank,MED,509,2021-02-15 04:26:56
OUT000193,LOC040,03-03-2020 00:40,03/03/2020 07:40,,VEGETATION,Feeder,unknown,"1,810",2021-01-13 23:14:16
OUT000194,LOC062,29-02-2020 11:47,02/29/2020 19:37,567,Unknown,Line,,"1,790",2021-03-08 01:18:41
OUT000195,LOC077,05-12-2020 02:12,2020/12/05 03:40:30,375,WEATHER,Switch,H,506,2021-02-25 14:29:29
OUT000196,LOC069,02/28/2020 04:43,28-02-2020 07:36,701,VEG,Capacitor Bank,unknown,4005,2021-03-29 06:33:50
OUT000197,LOC066,2020/06/22 00:11:58,2020-06-22 01:12,472,  wx  ,Transformer,, 3788 ,2021-03-12 05:21:53
OUT000198,LOC003,2020-06-02 18:30:34,2020-06-02 22:55,51,EQUIP,Feeder,H,4434,2021-03-28 19:40:48
OUT000199,LOC009,2020-12-28 15:25:08,12/28/2020 23:33,143,EQUIP,Feeder,LOW,3675 customers,2021-02-06 11:19:03
OUT000200,LOC011,22-09-2020 03:30,2020-09-22 14:52,,EQ,Transformer,Hi,4402 customers,2021-02-21 08:17:32
OUT000201,LOC017,2020-10-09 16:07:46,2020-10-09 20:00:46,n/a,,Recloser,,"3,108",2021-01-25 00:44:41
OUT000202,LOC059,05/14/2020 10:26,2020-05-14 13:09,unknown,WEATHER,Transformer,,3435,2021-01-24 08:47:35
OUT000203,LOC027,27-01-2020 03:11,2020-01-27 04:59:48,693,WX,Pole,HIGH,3296 customers,2021-01-23 18:03:00
OUT000204,LOC070,2020-03-25 09:05,25-03-2020 10:07,NA,  wx  ,Feeder,unknown, 4899 ,2021-01-24 00:01:35
OUT000205,LOC039,06-12-2020 07:19,2020-12-06 09:50,286,WX,Switch,unknown,1435 customers,2021-02-23 23:13:33
OUT000206,LOC064,2020/01/19 04:59:29,19-01-2020 10:56,431,EQUIP,Pole,M,"3,084",2021-03-15 05:55:00
OUT000207,LOC069,2020-07-02 21:30,07/03/2020 01:41,NA,Unknown,Transformer,,3381 customers,2021-02-24 02:34:20
OUT000208,LOC068,2020-02-22 01:50,02/22/2020 08:32,667,WEATHER,Recloser,Medium,758,2021-01-06 00:05:20
OUT000209,LOC035,26-05-2020 11:27,26-05-2020 23:01,79,VEG,Line,unknown,"4,579",2021-02-16 13:04:10
OUT000210,LOC027,12/03/2020 16:05,2020-12-03 21:50:01,199,WEATHER,Capacitor Bank,L,"1,988",2021-02-08 12:13:10
OUT000211,LOC031,08/02/2020 09:45,2020/08/02 15:19:07,669,EQ,Feeder,M,2947 customers,2021-02-15 05:52:05
OUT000212,LOC013,11/07/2020 18:47,2020-11-08 02:52,428,WX,Switch,MED,1196,2021-01-26 07:38:51
OUT000213,LOC071,29-12-2020 00:34,2020/12/29 10:37:42,205,EQ,Pole,LOW,"4,668",2021-02-18 11:27:24
OUT000214,LOC071,09/11/2020 05:23,09/11/2020 17:09,,Unknown,Capacitor Bank,,4019 customers,2021-01-17 08:00:46
OUT000215,LOC046,06-03-2020 17:40,2020/03/06 20:08:14,560,WX,Switch,HIGH,609,2021-03-16 05:02:18
OUT000216,LOC001,2020-06-09 03:46,2020-06-09 06:11:26,,WX,Pole,, 3736 ,2021-01-06 20:51:32
OUT000217,LOC080,04-09-2020 16:03,2020/09/05 03:30:40,,WX,Transformer,,4520 customers,2021-01-02 03:36:53
OUT000218,LOC003,24-07-2020 14:31,07/24/2020 19:17,719,EQUIP,Line,Hi,877,2021-02-20 21:54:23
OUT000219,LOC020,03-04-2020 13:59,03-04-2020 17:20,367,VEGETATION,Line,LOW, 648 ,2021-02-09 10:06:44
OUT000220,LOC059,2020-08-07 10:12,08/07/2020 14:26,,WEATHER,Capacitor Bank,,260,2021-02-09 08:22:00
OUT000221,LOC049,2020/05/26 11:28:30,2020-05-26 20:58:30,,Storm,Transformer,L, 3555 ,2021-02-24 22:32:29
OUT000222,LOC013,2020-12-13 12:03:30,2020-12-13 21:08,713,  wx  ,Recloser,M,382,2021-03-08 10:50:04
OUT000223,LOC036,15-12-2020 06:11,2020-12-15 15:32:31,327,WX,Pole,unknown,1182 customers,2021-01-08 11:16:38
OUT000224,LOC039,2020-03-04 02:08,04-03-2020 11:50,n/a,,Feeder,LOW,1147,2021-02-18 14:55:54
OUT000225,LOC045,2020/01/21 20:29:13,2020-01-21 22:14,n/a,  wx  ,Line,unknown,4880 customers,2021-03-17 02:30:48
OUT000226,LOC042,01/12/2020 12:07,2020/01/12 23:01:52,369,,Recloser,LOW,1522 customers,2021-01-09 07:40:54
OUT000227,LOC080,2020-04-24 17:08:10,2020-04-24 21:25:10,394,Storm,Capacitor Bank,LOW, 2595 ,2021-01-11 08:16:53
OUT000228,LOC012,2020/01/03 00:25:22,01/03/2020 05:45,,WEATHER,Pole,H,1536 customers,2021-02-13 13:52:53
OUT000229,LOC072,2020/08/03 10:33:05,2020-08-03 19:22:05,367,,Transformer,unknown, 4900 ,2021-03-25 20:36:33
OUT000230,LOC050,2020/01/05 19:01:22,2020/01/06 00:04:22,,,Pole,unknown,"4,269",2021-03-08 12:54:07
OUT000231,LOC049,03/06/2020 19:52,03/06/2020 22:19,154,WEATHER,Pole,LOW,2261 customers,2021-01-30 02:28:24
OUT000232,LOC062,10/30/2020 22:58,10/31/2020 00:21,unknown,Unknown,Switch,unknown,1602 customers,2021-01-11 09:15:49
OUT000233,LOC018,2020/04/28 07:37:06,04/28/2020 07:48,n/a,EQ,Recloser,Medium,"3,528",2021-01-30 04:03:53
OUT000234,LOC042,2020-08-22 06:20,2020/08/22 18:16:11,412,EQ,Feeder,,"4,023",2021-02-01 15:22:11
OUT000235,LOC049,04/18/2020 20:35,2020-04-19 03:22:12,NA,  wx  ,Switch,Hi,4507,2021-03-12 14:31:47
OUT000236,LOC060,2020/10/02 02:27:34,10/02/2020 06:06,NA,EQUIP,Capacitor Bank,L, 1141 ,2021-01-24 11:57:00
OUT000237,LOC033,2020/09/12 19:11:01,2020/09/12 21:53:01,617,Unknown,Switch,LOW,4378 customers,2021-02-22 18:47:06
OUT000238,LOC005,03-11-2020 02:03,03-11-2020 08:16,,WEATHER,Transformer,MED,"2,909",2021-03-04 19:37:08
OUT000239,LOC079,2020/01/18 04:52:30,01/18/2020 14:33,n/a,WEATHER,Transformer,H,"2,120",2021-02-19 13:57:42
OUT000240,LOC067,04-08-2020 16:52,2020-08-05 02:51,405,Unknown,Line,,"4,822",2021-02-03 11:49:56
OUT000241,LOC004,07/06/2020 11:45,2020/07/06 13:37:09,NA,WEATHER,Line,Hi, 2854 ,2021-02-03 07:24:11
OUT000242,LOC059,31-10-2020 13:55,2020/10/31 17:31:34,104,Unknown,Capacitor Bank,L,2613,2021-01-30 03:39:57
OUT000243,LOC006,2020-11-10 15:28:48,11/10/2020 17:30,,Storm,Capacitor Bank,MED,"4,228",2021-02-23 14:02:39
OUT000244,LOC021,2020/05/08 13:02:49,2020/05/08 22:40:49,419,Storm,Pole,,3541 customers,2021-01-03 20:01:22
OUT000245,LOC079,2020/12/08 23:03:50,09-12-2020 02:30,9,VEG,Pole,M,513,2021-03-19 14:58:31
OUT000246,LOC069,03/13/2020 14:35,2020-03-13 20:54,273,Unknown,Switch,,2568 customers,2021-03-01 08:27:06
OUT000247,LOC051,08/15/2020 23:16,08/16/2020 01:17,unknown,Storm,Line,,2437,2021-03-07 06:07:48
OUT000248,LOC018,2020-05-01 15:06,05/01/2020 17:11,387,Storm,Switch,LOW,"3,427",2021-02-25 19:23:42
OUT000249,LOC050,2020/06/13 07:00:26,13-06-2020 10:15,,Storm,Switch,Hi, 4012 ,2021-01-14 14:54:52
OUT000250,LOC024,02-05-2020 04:05,2020-05-02 11:51:53,NA,Unknown,Pole,MED,3146 customers,2021-02-09 17:21:07
OUT000251,LOC063,2020/06/10 09:57:23,2020-06-10 17:36,36,VEG,Feeder,HIGH,"2,252",2021-02-22 04:43:07
OUT000252,LOC037,06-03-2020 07:49,2020/03/06 15:42:16,120,  wx  ,Transformer,M, 4450 ,2021-02-22 15:03:09
OUT000253,LOC006,22-10-2020 03:45,2020-10-22 11:21,NA,VEG,Feeder,HIGH, 3685 ,2021-02-03 20:14:35
OUT000254,LOC012,2020-06-19 12:25,2020-06-19 14:30,unknown,EQ,Line,unknown,"3,508",2021-03-01 19:44:10
OUT000255,LOC018,2020-10-31 19:19,2020-10-31 22:55:32,550,VEGETATION,Switch,, 1380 ,2021-03-10 08:33:51
OUT000256,LOC038,04/22/2020 08:46,22-04-2020 18:37,unknown,WEATHER,Pole,LOW, 486 ,2021-03-26 04:22:02
OUT000257,LOC017,2020-09-29 09:46,2020-09-29 12:06,,VEG,Line,,3218 customers,2021-01-14 19:17:02
OUT000258,LOC074,2020/09/02 14:24:49,2020/09/02 19:04:49,653,WEATHER,Recloser,, 2280 ,2021-02-14 03:31:03
OUT000259,LOC063,2020-05-07 02:33:25,2020-05-07 12:33:25,,Unknown,Capacitor Bank,,2935,2021-03-19 06:03:50
OUT000260,LOC069,2020/06/03 10:58:50,2020-06-03 14:46,335,VEGETATION,Feeder,,"4,735",2021-02-24 23:12:24
OUT000261,LOC063,2020-11-02 03:31:21,2020-11-02 09:27:21,475,WX,Transformer,Hi,3616 customers,2021-01-01 01:34:30
OUT000262,LOC055,2020-03-19 13:44,03/20/2020 01:34,285,WEATHER,Capacitor Bank,Medium,2052,2021-02-06 02:27:31
OUT000263,LOC022,01/21/2020 02:41,2020-01-21 09:31,98,WEATHER,Transformer,MED,3907,2021-01-13 21:12:46
OUT000264,LOC076,2020/03/28 20:15:05,2020-03-29 05:11:05,356,WEATHER,Line,LOW,1083 customers,2021-01-07 21:02:30
OUT000265,LOC030,2020-05-28 18:28:13,2020-05-28 20:04:13,311,Storm,Recloser,Hi,1171,2021-02-21 12:10:25
OUT000266,LOC073,2020-01-04 06:59,2020/01/04 17:28:25,223,Storm,Recloser,unknown,"3,625",2021-01-09 09:59:51
OUT000267,LOC013,24-02-2020 09:01,2020/02/24 11:12:01,444,EQ,Line,Hi, 2030 ,2021-03-04 14:04:29
OUT000268,LOC011,06-04-2020 09:05,06-04-2020 18:36,,VEGETATION,Line,HIGH,"2,472",2021-02-20 06:26:34
OUT000269,LOC078,2020/07/16 21:05:40,07/17/2020 00:23,,VEG,Recloser,LOW,924,2021-02-18 12:06:42
OUT000270,LOC077,2020-01-28 13:52:47,01/28/2020 22:57,NA,EQUIP,Line,unknown, 3448 ,2021-02-23 01:06:08
OUT000271,LOC023,2020-10-23 05:07:15,2020-10-23 13:14:15,19,VEGETATION,Pole,HIGH,496 customers,2021-02-19 04:29:17
OUT000272,LOC037,2020/09/01 02:42:12,2020/09/01 11:20:12,,WEATHER,Capacitor Bank,,"4,405",2021-01-27 22:32:48
OUT000273,LOC011,30-04-2020 08:32,2020-04-30 09:57,NA,,Feeder,LOW,4805,2021-01-31 02:44:50
OUT000274,LOC056,2020-10-10 11:42:18,2020-10-10 15:51,449,WEATHER,Recloser,unknown,4988,2021-01-31 00:41:53
OUT000275,LOC023,2020-02-16 09:17,2020-02-16 09:34:22,360,,Switch,M, 1368 ,2021-01-13 07:46:11
OUT000276,LOC035,2020-10-11 15:27:25,10/11/2020 17:32,n/a,,Transformer,M,4724,2021-02-18 04:06:27
OUT000277,LOC059,2020-07-17 08:49:55,2020/07/17 15:02:55,NA,EQ,Pole,M,843,2021-01-23 04:13:15
OUT000278,LOC066,2020-01-01 23:56:24,2020-01-02 00:46,377,EQUIP,Pole,Hi,290 customers,2021-01-22 19:09:30
OUT000279,LOC042,04/06/2020 09:58,04/06/2020 17:09,unknown,EQ,Transformer,,432,2021-01-22 16:03:31
OUT000280,LOC067,2020-01-18 20:05:07,2020/01/19 03:00:07,n/a,EQ,Transformer,,3742,2021-02-05 19:38:39
OUT000281,LOC026,04/23/2020 05:51,23-04-2020 15:33,382,  wx  ,Recloser,MED,"4,478",2021-01-15 14:50:42
OUT000282,LOC001,2020-12-28 02:34:29,2020-12-28 09:38,656,WX,Feeder,HIGH, 3083 ,2021-01-11 02:13:07
OUT000283,LOC027,2020/07/24 18:13:44,2020/07/24 22:21:44,NA,VEGETATION,Transformer,HIGH,1897 customers,2021-03-10 01:05:29
OUT000284,LOC048,27-06-2020 01:08,2020-06-27 02:39:18,657,EQUIP,Transformer,unknown,4652,2021-02-12 05:35:00
OUT000285,LOC017,04/01/2020 22:52,04/02/2020 03:55,n/a,EQ,Feeder,L,"2,228",2021-01-08 06:02:03
OUT000286,LOC026,2020-02-22 20:39:15,2020-02-23 06:42,465,Unknown,Feeder,LOW, 990 ,2021-03-16 19:00:53
OUT000287,LOC027,2020/06/24 12:10:20,06/24/2020 17:30,NA,Storm,Line,,2493,2021-01-21 21:02:05
OUT000288,LOC042,2020-02-27 14:28,02/27/2020 16:06,55,VEGETATION,Feeder,Hi,255 customers,2021-03-24 23:21:55
OUT000289,LOC058,2020-08-03 21:51,2020-08-04 07:19:52,148,WEATHER,Transformer,HIGH,"1,821",2021-01-20 05:41:00
OUT000290,LOC052,2020-05-24 13:31:33,25-05-2020 01:18,81,WX,Transformer,MED,"3,633",2021-01-09 22:19:32
OUT000291,LOC043,2020/02/17 14:02:26,2020-02-17 14:50:26,592,EQUIP,Line,LOW,4065,2021-02-07 03:49:27
OUT000292,LOC055,2020-03-08 02:40,2020-03-08 08:47,461,Storm,Transformer,unknown, 2014 ,2021-02-18 10:30:06
OUT000293,LOC053,2020/12/08 20:05:33,2020-12-09 05:33:33,397,Storm,Recloser,MED,"4,308",2021-03-03 05:45:51
OUT000294,LOC070,2020/11/04 16:30:14,11/04/2020 16:54,501,EQ,Switch,,2635 customers,2021-01-27 06:09:38
OUT000295,LOC024,11-01-2020 02:55,2020-01-11 08:26,292,WX,Line,L, 4338 ,2021-03-16 10:52:18
OUT000296,LOC075,2020-03-31 09:30:00,2020-03-31 12:18,,VEGETATION,Switch,HIGH,1798 customers,2021-02-04 10:45:16
OUT000297,LOC023,09-03-2020 09:22,03/09/2020 13:29,unknown,EQ,Switch,HIGH,"2,881",2021-02-24 16:08:19
OUT000298,LOC025,20-11-2020 22:34,11/21/2020 07:03,43,WEATHER,Transformer,MED,"4,929",2021-01-02 22:26:08
OUT000299,LOC068,07/04/2020 15:10,04-07-2020 15:15,138,EQ,Capacitor Bank,Hi,2651,2021-01-03 03:03:38
OUT000300,LOC019,2020-08-15 19:35:37,15-08-2020 22:05,NA,EQ,Capacitor Bank,,3241,2021-02-02 16:14:38
OUT000301,LOC039,2020-05-05 06:52,2020/05/05 09:16:47,,Unknown,Capacitor Bank,Medium, 1428 ,2021-01-22 16:10:49
OUT000302,LOC076,2020/11/12 07:15:49,11/12/2020 10:19,,VEGETATION,Pole,Hi,15 customers,2021-03-24 14:24:26
OUT000303,LOC073,13-01-2020 13:49,01/13/2020 17:00,unknown,VEG,Capacitor Bank,unknown,853 customers,2021-01-14 15:43:22
OUT000304,LOC043,2020-10-16 11:06,10/16/2020 12:30,NA,WEATHER,Line,,2751 customers,2021-01-02 02:33:13
OUT000305,LOC034,2020-03-22 10:23:57,03/22/2020 14:43,115,WX,Transformer,LOW,3590 customers,2021-01-17 03:35:47
OUT000306,LOC053,07/10/2020 11:51,10-07-2020 18:23,495,  wx  ,Capacitor Bank,,"1,848",2021-02-13 19:34:33
OUT000307,LOC010,11/06/2020 09:01,2020-11-06 09:40:59,112,WEATHER,Feeder,Hi,"3,076",2021-03-13 01:38:55
OUT000308,LOC010,07/31/2020 10:50,31-07-2020 12:30,n/a,WX,Recloser,,1352 customers,2021-01-16 06:04:42
OUT000309,LOC007,2020-02-09 07:47,2020-02-09 13:31,572,,Feeder,, 2307 ,2021-01-24 01:31:39
OUT000310,LOC013,20-01-2020 06:38,20-01-2020 13:25,NA,WX,Feeder,HIGH,3503,2021-01-29 14:20:59
OUT000311,LOC077,2020-07-05 12:59:06,2020-07-05 16:28:06,658,VEGETATION,Transformer,L, 947 ,2021-03-18 04:53:41
OUT000312,LOC051,07/01/2020 21:31,2020-07-02 05:56:13,,EQUIP,Pole,Medium, 3125 ,2021-01-19 02:46:11
OUT000313,LOC058,2020/01/18 07:51:35,2020/01/18 12:25:35,280,  wx  ,Transformer,Hi,793,2021-03-06 20:52:54
OUT000314,LOC045,2020/11/09 20:47:06,10-11-2020 06:06,67,EQUIP,Line,,3430 customers,2021-02-25 14:31:15
OUT000315,LOC031,2020-07-03 23:05:10,2020/07/04 04:16:10,unknown,WX,Switch,unknown,"4,234",2021-01-12 16:16:37
OUT000316,LOC058,2020-03-08 03:20,2020-03-08 06:16,438,WEATHER,Capacitor Bank,LOW,"1,655",2021-03-22 23:36:46
OUT000317,LOC077,2020-04-10 03:40:30,2020-04-10 09:12:30,411,,Feeder,M,4258 customers,2021-03-31 01:08:31
OUT000318,LOC002,01-11-2020 11:10,01-11-2020 21:53,,WEATHER,Recloser,Hi,1215,2021-03-31 19:14:19
OUT000319,LOC014,08/06/2020 12:35,06-08-2020 14:23,n/a,VEGETATION,Recloser,,3978 customers,2021-01-04 15:18:04
OUT000320,LOC023,2020-04-16 23:02,17-04-2020 05:59,,EQUIP,Transformer,LOW,"2,716",2021-01-05 18:51:22
OUT000321,LOC061,12/23/2020 14:48,2020-12-23 19:28:14,315,VEGETATION,Feeder,L,805,2021-01-14 01:08:27
OUT000322,LOC039,10/15/2020 20:00,10/16/2020 03:38,,  wx  ,Capacitor Bank,H,1540 customers,2021-01-21 12:34:32
OUT000323,LOC053,14-10-2020 18:06,10/15/2020 02:27,unknown,Storm,Transformer,M,4152 customers,2021-01-14 04:05:13
OUT000324,LOC068,2020-12-07 11:58:25,2020-12-07 21:45,210,WX,Pole,HIGH,3740,2021-03-31 03:10:02
OUT000325,LOC047,09/30/2020 15:39,09/30/2020 19:07,unknown,EQUIP,Capacitor Bank,H,251,2021-02-06 03:54:37
OUT000326,LOC063,2020-08-18 16:53,2020/08/19 00:34:15,363,EQ,Pole,M, 741 ,2021-01-03 15:57:51
OUT000327,LOC050,20-01-2020 06:46,2020-01-20 09:37,unknown,VEG,Capacitor Bank,MED,2205 customers,2021-02-19 20:01:55
OUT000328,LOC003,2020-12-01 18:56:06,2020/12/02 06:39:06,unknown,Storm,Switch,HIGH, 1834 ,2021-03-01 01:32:38
OUT000329,LOC040,10/03/2020 19:13,2020/10/04 06:16:22,n/a,Unknown,Feeder,MED, 3824 ,2021-03-07 17:58:53
OUT000330,LOC067,2020/11/16 03:08:01,16-11-2020 13:51,528,EQ,Switch,, 4865 ,2021-01-29 23:29:57
OUT000331,LOC014,07/06/2020 02:07,07/06/2020 03:17,,VEGETATION,Feeder,,"2,448",2021-01-15 13:21:38
OUT000332,LOC067,2020-10-24 06:44:18,24-10-2020 10:55,332,Storm,Capacitor Bank,HIGH, 4075 ,2021-01-26 04:30:25
OUT000333,LOC054,2020-06-06 03:08:06,06-06-2020 09:50,,  wx  ,Line,MED,"2,812",2021-03-08 15:14:13
OUT000334,LOC069,09/04/2020 21:30,05-09-2020 05:42,179,,Pole,M,800 customers,2021-01-13 10:07:53
OUT000335,LOC034,2020-10-08 15:13,10/09/2020 00:50,,VEG,Feeder,MED,2516 customers,2021-03-18 12:23:01
OUT000336,LOC043,24-05-2020 08:19,05/24/2020 12:50,125,Unknown,Transformer,,4781,2021-02-15 20:21:05
OUT000337,LOC025,2020/07/13 08:47:14,13-07-2020 10:54,60,Storm,Pole,MED,2808 customers,2021-02-25 06:48:23
OUT000338,LOC059,2020-02-25 14:56,2020-02-25 20:24:45,651,Storm,Feeder,,476,2021-02-13 21:21:37
OUT000339,LOC036,22-03-2020 07:35,2020-03-22 10:32,95,Storm,Switch,LOW,3518 customers,2021-02-11 15:42:06
OUT000340,LOC062,2020-05-28 20:46:04,28-05-2020 20:55,387,WX,Feeder,,1562,2021-03-07 16:56:14
OUT000341,LOC001,2020-08-31 09:08,08/31/2020 13:27,110,EQUIP,Switch,unknown,"2,508",2021-01-07 08:07:47
OUT000342,LOC006,2020/04/25 19:26:47,26-04-2020 00:28,350,EQUIP,Capacitor Bank,Hi,2808 customers,2021-02-04 21:06:54
OUT000343,LOC025,2020-03-05 00:49:32,2020-03-05 07:47,139,VEG,Capacitor Bank,HIGH,"4,831",2021-01-12 22:59:17
OUT000344,LOC047,2020-10-03 04:01:35,2020/10/03 15:12:35,n/a,,Switch,HIGH,4866,2021-03-06 06:30:06
OUT000345,LOC014,2020-09-10 19:41:30,2020-09-10 20:06:30,394,WEATHER,Switch,M,"3,887",2021-01-20 22:50:16
OUT000346,LOC002,2020-04-26 22:36:31,27-04-2020 05:51,625,Storm,Recloser,H,4191,2021-01-28 10:45:16
OUT000347,LOC015,2020/10/31 18:29:38,2020-10-31 20:22,,VEGETATION,Line,, 1653 ,2021-03-10 07:07:35
OUT000348,LOC053,2020-04-24 16:52:21,24-04-2020 19:41,217,Unknown,Feeder,MED,23,2021-03-07 05:01:07
OUT000349,LOC012,18-12-2020 04:44,2020/12/18 06:42:04,97,,Transformer,H,"2,097",2021-02-14 08:18:27
OUT000350,LOC038,2020-04-12 13:49:25,2020-04-12 21:49:25,NA,VEGETATION,Feeder,,2562 customers,2021-03-13 16:55:24
OUT000351,LOC015,2020-02-06 21:26:59,2020-02-06 22:17,,Storm,Feeder,Medium, 3586 ,2021-03-27 06:59:46
OUT000352,LOC012,2020-05-24 17:05,2020-05-24 23:00:24,472,VEGETATION,Line,LOW,3918 customers,2021-03-04 23:55:18
OUT000353,LOC022,2020-02-13 21:45:48,2020-02-14 00:05,609,Unknown,Line,unknown,"3,590",2021-03-01 08:29:10
OUT000354,LOC049,29-10-2020 14:20,2020-10-29 20:32:15,unknown,Storm,Recloser,L,926 customers,2021-02-12 18:52:37
OUT000355,LOC006,01/25/2020 14:20,2020-01-25 18:52:05,,,Line,unknown,"4,629",2021-03-07 00:51:01
OUT000356,LOC044,20-07-2020 14:21,2020-07-20 23:21:34,259,Unknown,Feeder,,"3,153",2021-03-23 11:05:19
OUT000357,LOC072,2020-12-12 10:37:09,2020-12-12 21:09:09,,Storm,Switch,L,"4,062",2021-01-08 06:26:55
OUT000358,LOC063,05/04/2020 12:31,05/04/2020 16:42,233,,Capacitor Bank,LOW,"3,304",2021-01-08 15:41:18
OUT000359,LOC059,2020/06/21 12:08:25,2020-06-21 21:59:25,n/a,EQ,Transformer,L,146,2021-02-09 04:04:57
OUT000360,LOC053,14-01-2020 21:58,2020-01-15 07:33:40,unknown,  wx  ,Capacitor Bank,M,"4,165",2021-03-05 13:19:09
OUT000361,LOC059,2020-05-12 08:59:29,2020-05-12 15:16,n/a,,Line,unknown,4915 customers,2021-03-11 13:56:03
OUT000362,LOC047,2020-10-05 00:47:50,2020-10-05 08:35:50,,VEG,Transformer,Medium, 2910 ,2021-02-23 04:12:41
OUT000363,LOC067,2020-05-25 04:54:38,2020-05-25 06:47,424,WEATHER,Feeder,unknown,"1,605",2021-01-12 17:21:29
OUT000364,LOC051,2020-03-24 17:26,03/25/2020 01:19,429,WX,Capacitor Bank,,4824,2021-03-16 23:13:43
OUT000365,LOC058,26-06-2020 15:09,27-06-2020 02:28,515,WX,Switch,HIGH,4533 customers,2021-03-23 10:34:59
OUT000366,LOC075,2020-07-06 13:15,06-07-2020 22:00,136,WEATHER,Recloser,, 4920 ,2021-02-18 22:39:42
OUT000367,LOC050,2020-06-11 14:14,06/12/2020 00:42,356,VEGETATION,Recloser,Hi,1132 customers,2021-02-28 11:59:01
OUT000368,LOC066,04/26/2020 02:04,26-04-2020 11:29,,VEG,Pole,unknown, 2381 ,2021-03-31 10:31:56
OUT000369,LOC017,2020-10-02 21:22,03-10-2020 08:32,657,EQ,Capacitor Bank,H,2886 customers,2021-02-26 14:02:13
OUT000370,LOC074,16-09-2020 02:21,09/16/2020 09:33,n/a,WX,Switch,H,208 customers,2021-01-15 02:38:08
OUT000371,LOC007,2020-09-17 07:13,09/17/2020 08:15,,Storm,Feeder,,"2,053",2021-03-23 11:54:05
OUT000372,LOC008,2020-09-25 04:48,25-09-2020 09:55,468,WEATHER,Switch,,"4,603",2021-03-14 01:56:49
OUT000373,LOC072,31-05-2020 00:41,05/31/2020 04:49,,WX,Recloser,LOW, 3413 ,2021-02-23 14:32:36
OUT000374,LOC007,2020-01-06 00:50,06-01-2020 05:12,n/a,VEG,Capacitor Bank,,"3,013",2021-03-17 08:33:10
OUT000375,LOC025,2020-04-24 05:56,2020-04-24 13:40:06,182,,Transformer,LOW,333 customers,2021-01-28 02:22:43
OUT000376,LOC072,2020-04-12 14:53,12-04-2020 17:11,NA,EQ,Recloser,Hi,328,2021-02-01 07:46:56
OUT000377,LOC077,20-01-2020 18:00,01/21/2020 04:45,591,,Feeder,H,"2,604",2021-01-18 20:26:45
OUT000378,LOC067,2020-01-27 11:27,2020/01/27 20:09:02,418,WEATHER,Feeder,MED, 1748 ,2021-02-02 03:26:27
OUT000379,LOC047,24-04-2020 00:18,24-04-2020 04:06,579,WX,Transformer,,2835 customers,2021-01-24 08:03:04
OUT000380,LOC079,2020-12-22 18:02,2020-12-23 04:43:26,,EQ,Recloser,H, 3162 ,2021-02-22 10:50:39
OUT000381,LOC037,01/10/2020 14:16,10-01-2020 23:10,n/a,Unknown,Transformer,M, 1578 ,2021-02-19 21:27:41
OUT000382,LOC011,07-02-2020 06:22,07-02-2020 09:18,72,VEG,Capacitor Bank,,1747 customers,2021-03-23 03:14:26
OUT000383,LOC014,2020/03/20 20:08:25,2020-03-21 05:23:25,,Storm,Transformer,L,2718,2021-01-09 11:56:18
OUT000384,LOC010,01/22/2020 01:48,22-01-2020 04:55,238,VEGETATION,Recloser,LOW,3696 customers,2021-02-12 01:01:17
OUT000385,LOC041,2020-01-07 13:26:06,07-01-2020 20:09,638,WEATHER,Line,unknown,373,2021-02-04 17:30:06
OUT000386,LOC065,02/11/2020 05:15,11-02-2020 10:16,453,EQUIP,Recloser,,253 customers,2021-01-16 04:15:36
OUT000387,LOC069,2020/03/26 09:17:49,26-03-2020 11:41,654,Storm,Feeder,,3057,2021-02-23 17:48:17
OUT000388,LOC072,2020-02-24 21:41:59,2020-02-24 23:52:59,408,,Switch,H,"2,497",2021-03-14 15:39:26
OUT000389,LOC045,23-03-2020 05:31,2020-03-23 12:38,231,  wx  ,Line,M,1592,2021-01-18 14:35:41
OUT000390,LOC073,26-11-2020 23:33,2020/11/27 00:33:22,,WEATHER,Feeder,, 552 ,2021-01-10 12:49:41
OUT000391,LOC026,2020/10/08 18:58:55,10/09/2020 04:57,692,VEG,Transformer,M,572,2021-01-31 20:29:41
OUT000392,LOC063,24-06-2020 00:19,06/24/2020 06:00,,Storm,Switch,unknown, 2986 ,2021-02-11 14:01:42
OUT000393,LOC022,2020-01-02 21:02,2020-01-03 02:27,,EQUIP,Feeder,Medium, 1101 ,2021-03-27 05:37:20
OUT000394,LOC062,06/28/2020 18:03,06/29/2020 01:44,116,Storm,Capacitor Bank,unknown, 672 ,2021-03-25 08:56:52
OUT000395,LOC018,2020-12-12 03:29,12/12/2020 12:45,,WEATHER,Capacitor Bank,H,153,2021-03-20 21:35:38
OUT000396,LOC075,12-08-2020 19:44,2020-08-13 02:43,unknown,VEGETATION,Switch,,"3,868",2021-02-05 12:25:09
OUT000397,LOC051,03/27/2020 17:22,2020-03-28 03:30,527,WEATHER,Recloser,Medium,4114,2021-03-06 08:09:10
OUT000398,LOC031,2020-11-25 07:45,25-11-2020 18:18,168,Storm,Switch,unknown,1198 customers,2021-02-04 20:03:15
OUT000399,LOC006,2020-03-25 23:32,2020-03-26 07:56:31,244,WX,Capacitor Bank,MED, 4243 ,2021-02-07 16:19:20
OUT000400,LOC061,2020-12-22 11:27:58,2020-12-22 19:17:58,n/a,WEATHER,Capacitor Bank,, 2241 ,2021-02-26 04:18:32
OUT000401,LOC070,2020/08/09 10:16:40,2020/08/09 13:19:40,674,WEATHER,Switch,M,"3,083",2021-02-20 03:14:00
OUT000402,LOC052,2020/05/17 01:14:52,2020/05/17 07:12:52,NA,,Pole,L,"1,357",2021-01-08 11:37:42
OUT000403,LOC066,2020-09-06 21:38,2020-09-07 02:30,375,  wx  ,Capacitor Bank,H,1887 customers,2021-03-20 18:10:09
OUT000404,LOC043,2020/10/06 17:16:09,2020/10/06 19:17:09,609,Storm,Capacitor Bank,LOW,184,2021-01-05 04:32:00
OUT000405,LOC017,2020-08-10 17:16,2020-08-11 03:27,,WX,Switch,Hi,459,2021-01-26 01:47:18
OUT000406,LOC024,19-07-2020 15:26,19-07-2020 22:26,,VEGETATION,Transformer,MED,3680 customers,2021-03-26 04:57:39
OUT000407,LOC062,2020/03/07 05:47:51,07-03-2020 09:36,601,Storm,Switch,, 4185 ,2021-01-17 06:49:11
OUT000408,LOC044,24-12-2020 04:56,24-12-2020 12:45,392,EQUIP,Pole,H,136,2021-02-20 18:00:20
OUT000409,LOC065,2020-09-22 18:46,23-09-2020 02:00,492,  wx  ,Switch,HIGH,4354,2021-01-10 01:08:54
OUT000410,LOC062,13-09-2020 01:59,13-09-2020 04:17,unknown,EQUIP,Switch,LOW,3035,2021-03-09 17:37:32
OUT000411,LOC068,2020/06/15 14:09:43,2020/06/15 18:08:43,718,  wx  ,Transformer,LOW, 1097 ,2021-02-16 07:49:10
OUT000412,LOC030,12/19/2020 10:36,19-12-2020 12:06,n/a,VEGETATION,Pole,HIGH,59,2021-02-20 11:07:58
OUT000413,LOC001,2020-05-25 15:31,05/26/2020 02:46,114,Storm,Recloser,, 4796 ,2021-01-26 08:52:47
OUT000414,LOC069,06/13/2020 11:52,13-06-2020 21:35,701,EQUIP,Line,MED,3386 customers,2021-01-18 08:26:48
OUT000415,LOC048,2020/08/05 03:07:55,08/05/2020 12:40,unknown,EQ,Line,LOW,1132,2021-03-14 14:32:00
OUT000416,LOC030,2020-06-22 10:33:57,2020-06-22 13:23,351,,Switch,,427,2021-02-07 18:40:38
OUT000417,LOC001,2020-11-08 09:15,2020/11/08 10:53:57,n/a,WEATHER,Transformer,M, 1817 ,2021-01-08 18:30:21
OUT000418,LOC078,2020/01/15 15:54:18,15-01-2020 22:32,,VEGETATION,Capacitor Bank,unknown,471,2021-03-04 03:59:12
OUT000419,LOC064,2020-06-19 11:30,19-06-2020 11:45,39,  wx  ,Switch,,"1,898",2021-03-07 10:35:26
OUT000420,LOC005,2020-05-19 17:01:11,2020-05-19 21:10,287,EQUIP,Feeder,,3238 customers,2021-02-26 21:39:56
OUT000421,LOC026,2020-07-20 01:42:42,2020-07-20 02:02:42,577,  wx  ,Feeder,Medium,"2,266",2021-02-28 20:55:44
OUT000422,LOC025,25-06-2020 14:39,2020-06-25 21:37:40,421,,Transformer,, 593 ,2021-02-03 00:10:40
OUT000423,LOC015,11/07/2020 19:57,08-11-2020 04:47,unknown,VEGETATION,Capacitor Bank,L,3090 customers,2021-03-16 18:09:12
OUT000424,LOC032,2020/10/21 04:09:45,2020/10/21 10:01:45,NA,Unknown,Transformer,M,554 customers,2021-03-03 12:32:20
OUT000425,LOC029,09/19/2020 21:17,2020/09/20 01:17:10,unknown,,Transformer,M, 2034 ,2021-01-10 00:43:39
OUT000426,LOC052,2020-09-18 15:19:10,18-09-2020 21:14,n/a,EQ,Feeder,MED, 4700 ,2021-01-18 17:55:07
OUT000427,LOC025,2020-07-12 19:00,2020-07-12 22:29,NA,VEG,Pole,MED,"2,917",2021-03-17 15:03:29
OUT000428,LOC014,2020/02/16 13:20:54,16-02-2020 14:45,559,WX,Line,L, 3041 ,2021-02-17 19:14:10
OUT000429,LOC074,2020/12/03 09:30:44,2020-12-03 14:16,unknown,VEGETATION,Recloser,MED,"4,725",2021-01-06 06:10:27
OUT000430,LOC068,2020/11/06 09:44:08,06-11-2020 17:02,360,EQUIP,Line,,1432 customers,2021-01-12 16:28:41
OUT000431,LOC067,2020-06-27 16:10:07,2020-06-27 21:38:07,,EQUIP,Switch,H, 2666 ,2021-03-01 11:52:35
OUT000432,LOC034,03/13/2020 16:23,2020-03-14 01:49,632,EQ,Feeder,Hi,4086 customers,2021-01-21 10:34:34
OUT000433,LOC054,09/29/2020 03:06,2020/09/29 09:32:54,189,  wx  ,Pole,unknown,1873,2021-03-11 23:37:18
OUT000434,LOC035,08-11-2020 06:38,2020/11/08 10:44:22,NA,Storm,Line,Hi,3875,2021-01-18 03:31:29
OUT000435,LOC054,13-07-2020 00:35,13-07-2020 02:57,,Unknown,Feeder,M,4606,2021-02-08 16:20:37
OUT000436,LOC013,2020-09-25 04:19:44,2020-09-25 07:11,n/a,WEATHER,Recloser,Medium, 2129 ,2021-02-04 23:34:30
OUT000437,LOC072,08/04/2020 12:11,2020-08-04 16:39:50,364,  wx  ,Pole,unknown,"4,718",2021-03-17 18:15:07
OUT000438,LOC037,17-05-2020 21:51,2020/05/18 03:28:22,,Unknown,Transformer,LOW,2348 customers,2021-03-03 07:59:45
OUT000439,LOC019,12/03/2020 04:44,2020/12/03 07:40:52,,  wx  ,Recloser,H,649,2021-02-03 08:42:19
OUT000440,LOC030,05/01/2020 17:51,05/01/2020 23:20,,EQUIP,Feeder,L,2976 customers,2021-02-10 04:39:51
OUT000441,LOC022,2020-03-12 09:56,2020-03-12 10:24,,WEATHER,Pole,Hi,3253,2021-01-10 06:39:22
OUT000442,LOC009,29-12-2020 19:32,2020-12-30 03:41:59,411,,Line,H, 852 ,2021-03-02 00:16:56
OUT000443,LOC020,2020/02/02 17:50:16,02/03/2020 05:05,295,Unknown,Capacitor Bank,Hi,"1,076",2021-01-03 18:34:33
OUT000444,LOC005,09/14/2020 16:43,2020/09/14 22:53:34,558,VEGETATION,Switch,L,"1,107",2021-02-27 08:44:09
OUT000445,LOC077,26-06-2020 07:17,2020/06/26 18:08:35,659,,Feeder,Medium,"3,946",2021-03-20 03:06:18
OUT000446,LOC012,06/20/2020 14:26,2020/06/20 19:46:11,315,WX,Transformer,, 1117 ,2021-01-28 20:12:16
OUT000447,LOC061,2020/07/26 19:28:59,2020/07/26 19:41:59,445,VEGETATION,Switch,MED, 60 ,2021-01-19 07:24:08
OUT000448,LOC053,2020/12/08 14:20:47,2020/12/08 23:59:47,666,EQUIP,Line,LOW, 1808 ,2021-01-08 16:34:19
OUT000449,LOC055,30-08-2020 20:25,31-08-2020 00:35,unknown,VEGETATION,Feeder,, 4358 ,2021-02-10 02:08:08
OUT000450,LOC025,2020-11-27 11:01,2020-11-27 12:16,657,Unknown,Switch,L,2230 customers,2021-01-19 05:34:52
OUT000451,LOC042,2020-01-08 12:46:41,08-01-2020 15:26,109,VEGETATION,Feeder,Hi,3592,2021-01-23 14:29:16
OUT000452,LOC012,2020/02/28 12:28:25,2020-02-28 12:48,324,Unknown,Feeder,L, 260 ,2021-01-08 18:56:00
OUT000453,LOC019,2020/01/22 18:18:54,2020-01-22 22:55:54,190,VEG,Line,M,3126,2021-01-12 20:11:27
OUT000454,LOC032,2020-05-29 10:34,2020-05-29 18:12:34,101,,Capacitor Bank,MED,3874 customers,2021-03-08 03:52:32
OUT000455,LOC040,2020-12-29 14:09,2020-12-29 19:44:30,,,Switch,H,2076 customers,2021-03-03 23:51:34
OUT000456,LOC039,2020-03-18 04:14:18,2020-03-18 10:28,NA,EQUIP,Feeder,HIGH, 1372 ,2021-02-26 18:26:32
OUT000457,LOC016,2020-06-02 17:12:02,2020-06-02 21:25:02,712,Unknown,Capacitor Bank,unknown, 1270 ,2021-03-16 20:05:13
OUT000458,LOC012,2020/04/06 14:15:34,2020-04-06 17:01:34,,EQ,Line,,492,2021-02-04 12:24:58
OUT000459,LOC020,2020-09-29 08:51:07,2020-09-29 18:05,329,,Line,,2846 customers,2021-03-13 04:27:13
OUT000460,LOC025,2020/01/09 07:01:22,01/09/2020 18:51,,VEGETATION,Transformer,L, 3585 ,2021-02-22 16:39:43
OUT000461,LOC063,2020-03-14 16:50,15-03-2020 02:35,484,VEGETATION,Line,unknown,"4,543",2021-01-07 16:29:38
OUT000462,LOC068,03/01/2020 04:56,03/01/2020 12:41,469,WX,Line,,4145 customers,2021-03-13 05:32:47
OUT000463,LOC024,08-12-2020 21:31,12/08/2020 21:55,,VEG,Feeder,H,4416 customers,2021-01-19 10:25:40
OUT000464,LOC068,22-09-2020 08:06,2020-09-22 16:40,,EQ,Recloser,,2639,2021-01-10 08:17:36
OUT000465,LOC067,2020-09-12 21:18:34,2020-09-12 22:31,37,VEG,Transformer,L,1570,2021-01-04 02:08:21
OUT000466,LOC074,2020/09/06 05:33:32,06-09-2020 12:15,,  wx  ,Feeder,HIGH,"3,002",2021-02-28 19:58:27
OUT000467,LOC010,2020/01/06 01:58:16,2020-01-06 05:36:16,659,WX,Feeder,, 3408 ,2021-03-19 02:44:08
OUT000468,LOC008,11/15/2020 20:54,16-11-2020 07:30,77,VEGETATION,Transformer,MED,4256,2021-01-10 19:52:17
OUT000469,LOC030,2020-07-25 11:26,2020-07-25 18:05,259,  wx  ,Capacitor Bank,Hi,4575 customers,2021-03-14 10:33:30
OUT000470,LOC014,24-10-2020 14:16,10/25/2020 01:14,,EQUIP,Transformer,Hi,1478 customers,2021-02-19 00:01:09
OUT000471,LOC044,12-09-2020 08:38,12-09-2020 11:24,365,EQ,Switch,Medium,3046 customers,2021-03-16 04:40:43
OUT000472,LOC056,16-11-2020 20:19,2020-11-17 01:55,224,EQUIP,Line,, 2082 ,2021-02-13 22:10:35
OUT000473,LOC058,2020-06-03 05:09:08,06/03/2020 05:14,535,Storm,Feeder,HIGH,"2,461",2021-01-21 20:34:24
OUT000474,LOC041,01/09/2020 10:16,09-01-2020 22:07,589,  wx  ,Pole,H,310 customers,2021-02-04 12:44:16
OUT000475,LOC020,02/23/2020 18:03,23-02-2020 22:39,267,VEGETATION,Transformer,unknown,"3,276",2021-03-13 06:57:49
OUT000476,LOC010,2020/10/08 00:15:33,2020-10-08 05:52,711,  wx  ,Line,H, 4877 ,2021-01-04 15:04:55
OUT000477,LOC074,2020-05-28 04:16:03,05/28/2020 05:41,449,EQUIP,Line,H,1858,2021-03-03 13:03:50
OUT000478,LOC049,22-01-2020 00:30,2020-01-22 05:47:32,583,Storm,Feeder,,"1,809",2021-01-05 21:43:10
OUT000479,LOC051,22-06-2020 01:26,22-06-2020 11:40,447,VEGETATION,Line,LOW,"1,213",2021-02-02 15:19:43
OUT000480,LOC011,2020-07-03 19:17:12,04-07-2020 05:07,92,EQUIP,Switch,LOW,"1,069",2021-02-16 16:37:50
OUT000481,LOC072,2020/03/17 22:30:19,18-03-2020 06:54,635,,Pole,MED, 587 ,2021-03-17 10:00:34
OUT000482,LOC056,05-05-2020 14:24,2020-05-06 02:10:53,428,EQUIP,Feeder,Medium, 1561 ,2021-02-03 10:48:04
OUT000483,LOC077,09/11/2020 12:51,2020-09-11 13:20,unknown,Unknown,Switch,Hi,3609,2021-03-31 17:34:22
OUT000484,LOC030,03/18/2020 13:12,2020-03-19 00:58,,WEATHER,Transformer,HIGH,"1,992",2021-03-26 08:20:22
OUT000485,LOC037,2020-01-06 08:00:12,01/06/2020 13:56,28,EQ,Pole,,"1,736",2021-02-23 01:15:38
OUT000486,LOC067,18-10-2020 09:49,2020/10/18 14:18:00,,Storm,Capacitor Bank,,151 customers,2021-02-26 14:29:59
OUT000487,LOC068,2020-01-17 21:16,2020-01-18 01:42:54,718,  wx  ,Feeder,HIGH,3809,2021-01-07 11:11:02
OUT000488,LOC050,09/13/2020 11:07,2020-09-13 15:49:15,669,EQUIP,Pole,LOW,4166,2021-03-29 18:10:28
OUT000489,LOC041,07-07-2020 05:22,2020-07-07 15:38:43,517,Unknown,Switch,HIGH,326,2021-03-31 13:02:42
OUT000490,LOC068,2020/04/28 10:07:49,2020/04/28 15:53:49,,WX,Feeder,, 2883 ,2021-03-02 16:53:37
OUT000491,LOC039,04/01/2020 17:35,2020-04-02 02:13:16,,EQUIP,Line,HIGH, 4547 ,2021-01-22 21:38:44
OUT000492,LOC020,2020-05-12 17:40,2020-05-13 00:27:40,,,Capacitor Bank,unknown,1864 customers,2021-01-24 08:04:52
OUT000493,LOC074,02/29/2020 07:43,29-02-2020 15:04,560,Storm,Pole,,"1,136",2021-03-25 17:58:29
OUT000494,LOC018,30-04-2020 00:04,2020-04-30 11:54,153,  wx  ,Pole,Medium,556,2021-01-18 21:03:58
OUT000495,LOC041,2020-11-22 00:55:00,11/22/2020 03:29,n/a,EQUIP,Feeder,L,"2,243",2021-03-17 15:27:10
OUT000496,LOC025,2020-02-11 11:10,2020-02-11 13:29:54,,  wx  ,Switch,M,"4,962",2021-02-27 21:37:16
OUT000497,LOC030,2020-03-30 16:15:33,03/31/2020 04:03,493,Storm,Switch,unknown, 3841 ,2021-01-18 20:41:46
OUT000498,LOC050,2020-07-09 20:36,2020-07-10 04:46,38,EQUIP,Line,HIGH,2211 customers,2021-01-22 14:35:20
OUT000499,LOC026,2020-10-21 06:59:23,2020-10-21 10:33,n/a,  wx  ,Recloser,Medium,"3,749",2021-02-11 12:16:37
OUT000500,LOC052,28-10-2020 10:50,2020/10/28 11:37:44,,EQUIP,Switch,unknown,4865,2021-02-20 13:12:01
